Date,Agente,code,Hour01,Hour02,Hour03,Hour04,Hour05,Hour06,Hour07,Hour08,Hour09,Hour10,Hour11,Hour12,Hour13,Hour14,Hour15,Hour16,Hour17,Hour18,Hour19,Hour20,Hour21,Hour22,Hour23,Hour24
2024-04-27,ITLC,ITLC,13789.59,14457.05,14634.29,13810.16,14015.31,13557.69,13008.54,14469.87,15556.08,14905.2,15769.24,15781.16,15628.79,15445.79,14979.39,14995.05,14247.47,13986.3,13533.35,13524.71,13107.25,11888.26,9624.16,10309.26
2024-04-28,ITLC,ITLC,10415.44,10282.2,10015.24,9880.55,9374.72,7965.87,5914.8,6034.99,6242.94,6239.13,5572.14,5374.4,5119.79,4933.48,5533.54,6361.49,7190.6,7252.97,7306.83,7129.77,7638.64,7438.26,8803.17,9533.94
2024-04-29,ITLC,ITLC,10133.05,10833.81,11389.03,12181.98,12830.76,12684.38,12835.13,14875.4,16915.41,16926.86,17083.38,17380.29,16346.95,16290.75,17361.1,18234.9,18462.66,16430.99,16095.62,16154.67,16427.1,16012.58,15676.18,14754.82
2024-04-30,ITLC,ITLC,14889.27,15441.57,14438.15,15478.69,15414.74,14483.44,13701.07,14686.16,15859.35,16430.62,16376.73,16498.6,16733.71,17077.65,17502.73,17799.31,17149.9,16479.23,15715.66,16220.77,15767.63,14335.97,13916.12,13683.96
2024-04-27,CHCC,CHCC,87466.92,81946.67,77580.42,75814.77,79230.11,85324.93,94866.8,109263.35,120531.18,127983.21,132994.11,140206.7,140058.86,134720.6,131439.87,129645.59,128206.81,129643.03,145748.76,151024.77,143321.94,132571.44,117341.46,101645.8
2024-04-28,CHCC,CHCC,91764.13,85423.56,80924.73,79179,78593.68,80163.63,81955.12,92406.47,104068.12,113232.18,119139.87,126506.28,130070.42,129561.49,123404.36,119552.29,118189.56,121487.88,137760.3,144751.3,139337.75,127152.99,109253.2,92171.76
2024-04-29,CHCC,CHCC,83626.48,78092.82,75552.7,75080.85,80868.73,98180.36,108853.78,111628.69,116402.86,122537.27,130083.28,137599.02,135968.36,133233.51,134071.6,133562.26,133936.09,136793.09,151236.76,157136.31,150545.3,137373.12,114559.12,97771.63
2024-04-30,CHCC,CHCC,86101.04,80078.75,78197.68,77028.07,83205.7,101222.64,111187.43,115556.5,119287.34,125391.99,134093.9,141223.95,139826.27,134987.04,135679.94,131669.34,133095.52,134981.28,151302.05,153933.29,146546.23,134548.54,115872.29,99791.62
2024-04-27,TMVG,TMVG,294.49,318.22,265.06,239,235.88,250.95,265.27,241.62,230.45,224.55,242.01,253.6,259.76,248.57,226.85,198.12,209.45,206.52,164.53,153.42,171.44,200.87,224.54,259.89
2024-04-28,TMVG,TMVG,292.89,342.24,303.9,224.6,131.11,123.05,123.57,124.63,123.58,275.92,387.05,382.6,365.41,373.09,374.47,301.97,246.48,239.33,268.45,266.57,265.57,263.48,285.12,298.49
2024-04-29,TMVG,TMVG,1076.26,2675.92,2090.25,1565.16,1413.69,1282.42,1292.52,1110.76,676.55,949.19,1181.44,1282.42,1292.52,959.29,676.55,676.55,1262.23,858.31,1343.01,1343.01,1332.91,1353.11,1373.3,1383.4
2024-04-30,TMVG,TMVG,1393.5,1393.5,1383.4,1373.3,1382.61,1442.76,2652.04,1625.98,27.21,79.36,121.65,97.31,98.14,114.86,106.57,105.99,74.04,66.5,56.48,48.53,58.52,67.5,736.29,2622.86
2024-04-27,RENG,RENG,,,,,,,,2.7,13.48,40.08,22.06,,,,,,,,,,,,,
2024-04-28,RENG,RENG,,,,,,,,59.78,21.94,11.39,4.99,,,,,,,,,,,,,
2024-04-29,RENG,RENG,,,,,,,,25.95,,11.42,13.39,,,,,,,,,,,,,
2024-04-30,RENG,RENG,,,,,,,,35.42,56.77,51.97,42.68,,,,,,,,,,,,,
2024-04-27,ESSC,ESSC,230935.17,220243.84,212879.86,208382.94,208216.95,205513.62,210279.24,234741.67,262053.46,276573.43,288484.19,294948.68,288856.83,283930.1,283788.81,284784.2,280138.48,280411.99,310540.32,311527.36,302278.56,289206.39,272360.12,254536.81
2024-04-28,ESSC,ESSC,238998.98,228531.59,218988.69,212598.38,210574.47,204657.82,199531.98,212409.53,227504.42,240282.72,251182.41,261390.98,262704.8,263501.21,261896.28,260896.95,258342.55,261920.74,293942.2,300231.58,295276.86,285588.51,266760.11,245542.61
2024-04-29,ESSC,ESSC,229664.02,218486.69,209366.24,202017.6,202781.6,211234.09,213610.62,239355.32,263837.78,276075.77,289296.81,299308.02,285098.54,291946,307854.25,313599.37,311459.92,299874.83,318665.58,318898.12,311047.72,293215.22,268447.08,244974.9
2024-04-30,ESSC,ESSC,231185.25,221480.51,214586.8,211292.71,213640.4,219224.17,226490.99,252935.83,279108.99,295040.54,311113.29,320974.33,310381.18,322597.67,336934.16,333945.29,325063.2,312431.29,331476.46,330604.22,320834.19,306538.71,285741.52,264427.66
2024-04-27,GSAC,GSAC,,,,,,,,,,5.07,7.1,2.03,,,,1.01,7.1,7.1,7.1,8.11,7.1,7.1,7.1,8.11
2024-04-28,GSAC,GSAC,6.08,7.1,7.1,7.1,7.1,8.11,8.11,6.08,6.08,5.07,7.1,7.1,6.08,8.11,6.08,7.1,7.1,7.1,7.1,8.11,7.1,7.1,7.1,8.11
2024-04-29,GSAC,GSAC,7.1,7.1,7.1,8.11,7.1,7.1,7.1,7.1,7.1,7.1,7.1,7.1,7.1,7.1,7.1,7.1,7.1,7.1,7.1,7.1,7.1,7.1,7.1,7.1
2024-04-30,GSAC,GSAC,7.1,7.1,7.1,8.11,7.1,7.1,7.1,7.1,7.1,7.1,7.1,7.1,7.1,7.1,7.1,7.1,7.1,7.1,7.1,7.1,7.1,7.1,7.1,7.1
2024-04-27,TCIG,TCIG,1088.91,1090.03,1082.89,1073.51,1091.14,1087.03,1053.09,1062.58,1082.21,1084.44,1100.34,1099.59,1087.17,1098.08,1088.12,1089.11,1090.02,1084.53,1101.65,1096.64,1086.75,1082.77,1080.99,1098.96
2024-04-28,TCIG,TCIG,1085.14,1082.84,1091,1084.35,1086.66,1084.37,1048.82,1047.96,947.54,839,843.05,865.08,893.33,1037.49,1067.5,1075.51,1065.28,1068.16,1082.54,1086.79,1090.33,1083.84,1089.23,1078.96
2024-04-29,TCIG,TCIG,1082.14,1088.64,1077.76,1079.75,1074.7,1068.23,1057.71,1070.29,1079.37,1082.39,1086.83,1102.03,1093.88,1090,1097.94,1103.3,1083.83,1080.41,1102.96,1098.54,1105.12,1090.74,1093.54,1091.15
2024-04-30,TCIG,TCIG,1085.22,1079.2,1086.6,1083.39,1075.98,1068.61,1048.27,1078.13,1084.82,1094.16,1098.29,1105.51,1101.19,1069.17,1086.26,1077.25,1075.35,1060.65,1053.9,1049.14,1075.49,1068.83,1078.56,1081.77
2024-04-27,BIAC,BIAC,27571.31,26827.81,26222.2,26182.84,26163.18,26771.58,29854.17,34770.77,37796.73,39810.67,39957.72,40188.62,39272.39,37906.09,37277.46,36669.83,36783.38,34002.37,32146.59,31033.48,28763.01,26101.74,24319.98,22247.23
2024-04-28,BIAC,BIAC,22161.04,21302.34,20859.52,20391.6,20371.89,20359.25,21169.79,23524.82,25178.7,26625.78,28818.11,29154.84,29138.72,28798.52,29243.97,28747.7,29000.04,27226.83,26996.34,26598.81,25545.92,23554.06,23182.35,21910.49
2024-04-29,BIAC,BIAC,22622.88,22409.12,21949.1,22292.9,23095.79,23972.5,29065.56,35999.67,40410.11,41430.16,44796.54,45299.7,44814.96,45770.53,48021.86,47772.03,45999.73,40955.62,37482.03,35895.28,34458.11,31526.9,29000.71,27767.61
2024-04-30,BIAC,BIAC,27360.38,26812.83,26424.8,26531.05,27275.5,28128.3,33896.73,39326.62,41942.27,44240.4,46061.72,46533.31,46369.6,46845.11,48706.03,47942.73,46899.28,42659.85,39574.29,37771.08,35627.73,32719.34,29609.81,28328.22
2024-04-27,EGRG,EGRG,8.19,7.56,7.56,8.19,7.56,8.19,2.52,,,,,,,,,,,,8.19,7.56,7.56,7.56,7.56,7.56
2024-04-28,EGRG,EGRG,8.19,7.56,7.56,7.56,7.56,8.19,3.15,,,,,,,,,,,,6.3,8.19,7.56,7.56,8.19,7.56
2024-04-29,EGRG,EGRG,7.56,7.56,7.56,8.19,7.56,8.19,3.78,,,,,,,,,,,,6.3,7.56,7.56,6.93,7.56,7.56
2024-04-30,EGRG,EGRG,6.93,7.56,7.56,7.56,7.56,7.56,2.52,,,,,,,,,,,,7.56,7.56,7.56,6.93,7.56,7.56
2024-04-27,TCNG,TCNG,348.49,347.44,322.22,313.91,312.11,312.29,307.78,319.07,328.06,326.61,302.46,291.39,298.03,301.36,308.03,314.24,310.72,306.38,324.14,322.01,323.29,315.42,313.87,323.95
2024-04-28,TCNG,TCNG,325.91,322.3,320.23,354.79,347.69,328.04,312.51,324.67,327.09,298.66,292.32,293.46,303.14,309.17,309.64,313.32,308.48,310.78,324.35,322.05,311.08,314.4,316.04,309.84
2024-04-29,TCNG,TCNG,308.64,312.53,312.05,313.39,310.15,302.29,287.62,285.64,288.03,290.11,259.87,269.87,314.09,272.94,286.75,293.08,312.13,266.84,227.51,230.12,233.35,234.58,236.67,235.53
2024-04-30,TCNG,TCNG,234.54,238.04,243.48,238.1,233.88,233.98,211.36,210.4,217.98,316.11,312.53,311.2,316.39,320.14,506.46,272.25,256.11,233.22,236.79,236.05,233.74,234.48,235.04,239.68
2024-04-27,PDSG,PDSG,134.45,134.69,131.26,130.94,130.56,158.07,,,,,,,,,,,,,162.47,130.45,129.29,126.23,126.57,130.03
2024-04-28,PDSG,PDSG,129.72,126.98,127.33,129.42,129.73,224.97,,,,,,,,,,,,,252,180.01,178.95,180.05,176.99,180.27
2024-04-29,PDSG,PDSG,202.39,183.62,190.15,192.78,197.33,305.8,,,,,,,,,,,,,174.3,127.78,127.65,127.2,128,125.39
2024-04-30,PDSG,PDSG,125.84,125.26,128.58,128.05,126.33,169.76,,,,,,,,,,,,,176.3,130.67,127.85,128.54,129.55,129.2
2024-04-27,BCCG,BCCG,17,16.37,16.37,17,17,,,,,,,,,,,,,,17.66,17,16.37,16.37,16.37,16.37
2024-04-28,BCCG,BCCG,16.37,16.37,16.37,16.37,17,14.51,,,,,,,,,,,,,15.83,16.37,15.74,15.74,15.74,15.11
2024-04-29,BCCG,BCCG,15.11,15.11,15.11,15.11,15.74,1.74,,,,,,,,,,,,,,18.26,17.63,17.63,17,17.63
2024-04-30,BCCG,BCCG,17,16.37,17,17,16.37,1.2,,,,,,,,,,,,,,17.63,17.63,17,17,17.63
2024-04-27,TMMG,TMMG,795.15,809.74,820.4,836.31,851.37,879.59,888.96,826.08,748.87,708.93,681.11,644.05,648.83,649.34,645.61,654.49,681.54,718.48,639.15,635.65,572.82,524.17,568.6,620.41
2024-04-28,TMMG,TMMG,662.54,686.03,711.19,738.81,753.66,779.96,798.71,757.55,717.69,686.23,651.62,610.4,599.22,590.84,579.31,567.4,585.46,596.22,639.15,642.17,679.17,727.63,821.61,871.04
2024-04-29,TMMG,TMMG,896.7,892.12,901.33,913.45,916.4,913.06,919.77,862.32,782.37,761.23,753.88,672.74,683.09,640.21,573.19,564.73,607.91,655.12,608.89,599.12,611.97,639.12,694.54,740.96
2024-04-30,TMMG,TMMG,826.59,832.29,827.33,842.16,855.49,878.94,879.05,809.89,717.57,642.38,590.16,565.35,625.57,585.06,538.2,552.63,595.66,648.38,608.98,612.71,619.55,660.88,695.85,734
2024-04-27,UNGG,UNGG,9.18,9.21,9.29,9.42,9.44,8.26,,,,,,,,,,,0.15,0.8,9.45,9.6,9.23,9.27,9.29,9.41
2024-04-28,UNGG,UNGG,9.1,9.08,9.3,9.29,9.39,8.7,0.2,,,,,,,,,,,0.35,7.21,9.11,9.11,8.92,8.93,9.02
2024-04-29,UNGG,UNGG,9.22,9.06,9.29,9.29,9.46,8.02,,,,0.12,0.2,,0.18,,0.08,,,,7.22,10.09,8.69,8.56,8.64,8.72
2024-04-30,UNGG,UNGG,9.36,9.2,9.38,9.5,9.48,7.27,,,,,,,,,,,,,6.19,9.98,8.8,8.67,8.9,9.12
2024-04-27,PSGG,PSGG,12.47,12.47,11.23,12.47,11.23,,,,,,,,,,,,,,14.97,11.23,12.47,11.23,12.47,11.23
2024-04-28,PSGG,PSGG,11.23,12.47,12.47,11.23,12.47,0.33,,,,,,,,,,,,,13.72,11.23,12.47,11.23,12.47,12.47
2024-04-29,PSGG,PSGG,11.23,12.47,12.47,12.47,11.23,,,,,,,,,,,,,,14.97,11.23,11.23,12.47,11.23,12.47
2024-04-30,PSGG,PSGG,11.23,12.47,11.23,12.47,12.47,,,,,,,,,,,,,,12.52,12.47,11.23,12.47,11.23,12.47
2024-04-27,DRUC,DRUC,14124.2,18212.7,21426.37,20333.27,20450.65,18784.66,15021.3,18594.32,18116.35,18806.04,17556.38,14548.16,11628.02,20433.15,22498.23,20465.54,16956.87,10989.24,8330.82,7837.78,11668.82,9767.69,9348.15,35386.18
2024-04-28,DRUC,DRUC,40588.68,41550.46,38156.41,39628.12,41787.28,42657.76,42104.24,48592.4,51504.25,51920.31,50772.53,51246.44,37591.83,46008.76,53755.39,54085.41,53254.15,47641.24,46666.78,53572.86,51823.9,45009.65,50420.38,54038.4
2024-04-29,DRUC,DRUC,47507.65,41475.98,50274.95,50933.14,48643.96,44351.85,49975.1,54470.68,54127.21,54785.68,53602.92,51516.18,38221.73,55070.98,55949.61,53376.4,57186.84,47713.35,49051.04,55319.94,57004.28,55041.48,51840.34,47917.23
2024-04-30,DRUC,DRUC,14100.23,13762.03,16670.03,17915.25,18987.5,16490.92,15765.05,18566.75,16660.08,19438.59,24741.07,23849.01,13474.87,22067.15,24018.6,21380.58,10494.42,9299.43,11148.87,10241.06,13866.56,11947.3,11755.39,11636.79
2024-04-27,SLUG,SLUG,176.97,177.81,178.71,179.8,180.39,151.18,,,,,,,,,,,,,,177.4,174.13,171.9,170.28,171.5
2024-04-28,SLUG,SLUG,173.52,174.65,171.51,171.13,171.93,163.57,,,,,,,,,,,,,86,169.73,169.3,168.12,168.56,165.04
2024-04-29,SLUG,SLUG,168.11,168.86,169.33,170.37,170.49,19.79,,,,,,,,,,,,,,173.75,171.14,169.69,169.42,171.95
2024-04-30,SLUG,SLUG,171.77,170.44,172.57,173.9,175.22,101.09,,,,,,,,,,,,,,175.67,173.94,172.19,170.02,173.51
2024-04-27,SLMG,SLMG,133.52,133.51,133.46,133.99,134.07,132.27,,,,,,,,,,,,,137.21,135.98,135.36,135.77,136.13,136.59
2024-04-28,SLMG,SLMG,137.93,137.95,138.8,140.21,139.78,,,,,,,,,,,,,,120.43,132.2,131.97,132.63,133.12,133.38
2024-04-29,SLMG,SLMG,137.48,137.99,138.15,138.24,138.58,,,,,,,,,,,,,,75.49,135.35,136.08,134.64,135.26,136.53
2024-04-30,SLMG,SLMG,135.98,135.55,136.3,136.75,136.02,,,,,,,,,,,,,,122.62,135.87,135.24,134.02,135.49,136.25
2024-04-27,FERG,FERG,,,,,,,0.01,0.35,1.1,2.15,2.01,1.06,1.23,0.95,1.12,0.38,0.32,0.19,,,,,,
2024-04-28,FERG,FERG,,,,,,,0.04,1.73,1.12,1.99,1.96,1.04,2.19,2.28,1.84,0.65,0.11,0.05,,,,,,
2024-04-29,FERG,FERG,,,,,,,,0.74,,0.35,0.42,,,,,,,,,,,,,
2024-04-30,FERG,FERG,,,,,,,0.01,1.51,3,2.94,2.24,1.35,1.51,0.79,0.38,0.57,0.22,0.03,,,,,,
2024-04-27,EXEC,EXEC,14141.84,13051.67,12922.97,13095.31,13539.77,14354.78,16994.75,20399.57,22004.64,23132.32,24229.37,24003.44,23889.95,23324.94,22709.5,22616.42,21780.96,20248.5,19335.42,19290.8,18397.94,16116.22,14338.46,13404.73
2024-04-28,EXEC,EXEC,12728.22,12273.79,11938.59,11684.36,11279.66,11310.69,11977.82,13136.06,14235.26,15609.82,16431.96,17432.95,17740.08,17501.42,17278.89,17067.31,15948.68,16612.84,16766.28,16371.45,15192.11,13766.48,13027.99,12236.17
2024-04-29,EXEC,EXEC,11562.55,11449.48,11071.8,11389.02,12222.24,14262.7,17989.66,21107.84,22871.34,23599.87,24108.08,24210.31,24105.18,24747.5,25513.63,26659.78,26248.36,24810.76,23788.16,23245.21,21773.1,19029.91,16395.02,15209.38
2024-04-30,EXEC,EXEC,14616.52,14126.42,13792.72,13417.4,14205.95,16362.8,20583.1,24064.46,24599.84,24534.17,25366.16,26041.02,25733.74,25646.28,25477.88,25538.38,24745.95,23996.59,23899.46,22788.56,21315.34,18396.02,15236.06,14223.46
2024-04-27,TRMG,TRMG,47.54,48.13,48.45,49.2,49.01,49.2,47.53,43.46,39.39,37.98,38.2,38.42,38.53,37.94,38.97,39.76,40.67,40.41,39.39,40.38,41.53,42.94,44.29,46.57
2024-04-28,TRMG,TRMG,46.6,47.95,48.21,48.89,48.72,49.33,51.15,48.81,45.86,45.04,43.53,42.81,42.4,42.46,43.1,44.68,45.72,46.19,43.92,44.35,45.56,47.23,48.91,51.11
2024-04-29,TRMG,TRMG,52.81,52.26,52.72,53.16,52.55,50.93,49.05,45.58,41.01,38.16,37.75,37.63,39.26,38.88,37.23,37.01,39.23,42,41.27,41.97,43.51,46.49,48.91,50.93
2024-04-30,TRMG,TRMG,52.66,55.41,55.54,56.04,56.06,54.81,53.27,47.71,43.74,41.39,39.07,38.24,41.33,37.54,34.66,34.29,40.25,42.32,43.62,44.55,46.43,48.27,50.13,50.84
2024-04-27,TERG,TERG,5.81,5.84,5.86,5.87,5.87,3.01,,,,,,,,,,,,4.53,5.81,5.85,5.93,5.99,5.7,5.67
2024-04-28,TERG,TERG,5.62,5.66,5.7,5.73,5.72,5.71,3.28,,,,,,,,,,,1.72,6.1,5.89,5.94,5.88,5.81,5.77
2024-04-29,TERG,TERG,5.84,5.86,5.91,6.02,5.99,5.51,,,,,,,,,,,,0.48,5.94,5.43,5.53,5.48,5.52,5.58
2024-04-30,TERG,TERG,5.65,5.69,5.7,5.65,5.49,3.52,,,,,,,,,,,,2.72,5.99,5.83,5.84,5.8,5.85,5.9
2024-04-27,CHVC,CHVC,49620.52,50071.58,49954.11,50174.91,49867.42,48544.75,49454.02,49748.63,49363.63,49342.5,37322.16,36617.51,37907.2,41457.61,35832.22,50852.98,43329.18,42017.36,51284.99,52035.89,50652.24,49808.48,49458.68,49405.48
2024-04-28,CHVC,CHVC,49964.61,50312.88,50154.17,50079.86,50193.45,49723.96,50146.93,46544.08,45559.84,43657.18,32775.33,32477.61,33743.25,37960.2,39425.21,35538.83,41321.76,49356.03,51351.29,51998.46,52104.78,51521.9,49895.5,50594.45
2024-04-29,CHVC,CHVC,44374.39,50173.87,51185.31,51353.02,48146.52,48443.17,52585.54,52716.68,50609.1,44614.12,42956.72,38986.49,41053.8,35205.15,34793.44,48456.16,50918.73,51802.77,52464.58,52349.89,52266.73,51580.2,52061.53,50479.83
2024-04-30,CHVC,CHVC,52274.4,52773.85,52830.79,52580.24,53235.83,52544.32,52582.41,44698.9,41788.48,38676.11,36502.32,37295.69,37068.84,36167.22,49442.71,51318.23,47781.7,48293.49,51545.08,51621.33,51203.32,49506.74,48359.47,48506.12
2024-04-27,CHVG,CHVG,217.41,211.69,224.73,204.42,209.01,213.84,203.47,198.28,214.41,225.1,241.68,247.98,238.53,243.41,234.81,233.24,257.72,244.8,262.84,256.42,252.62,268.48,263.71,291.93
2024-04-28,CHVG,CHVG,291.47,281.57,273.38,258.81,263.13,266.04,254.27,260.37,269.9,275.94,293.6,309.51,294.69,299.33,286.24,288.28,284.64,268.6,278.97,268.81,258.31,252.67,250.22,277.06
2024-04-29,CHVG,CHVG,258.77,232.66,235.98,228.56,244.91,267.61,40.78,40.86,40.8,42.3,302.32,324.68,319.2,320.88,315.11,306.56,296.17,273.3,280.79,276.17,263.21,258.6,265.84,235.48
2024-04-30,CHVG,CHVG,248.04,232.92,215.95,214.8,228.44,246.39,39.54,39.43,39.46,40.91,42.61,41.68,42.24,42.47,42.29,42.31,268.06,257.52,44.97,43.85,43.71,226.25,253.16,241.96
2024-04-27,SDCG,SDCG,96.46,96.39,96.92,97.74,97.94,16.84,,,,,,,,,,,,,94.31,95.36,95.14,95.07,94.78,94.67
2024-04-28,SDCG,SDCG,94.76,95.19,95.73,96.75,97.62,46.53,,,,,,,,,,,,,57.35,96.55,95.93,95.21,94.68,94.53
2024-04-29,SDCG,SDCG,95.42,95.42,95.62,96.08,96.64,50.27,,,,,,,,,,,,,37.87,96,95.15,94.89,94.39,94.6
2024-04-30,SDCG,SDCG,94.82,93.58,94.43,95.1,95.23,11.57,,,,,,,,,,,,,41.88,96.13,95.89,95.38,94.81,95.07
2024-04-27,GNSG,GNSG,48,47.56,47.64,47.67,47.53,36.67,,,,,,,,,,,,14.48,48.46,48.59,48.56,48.44,48.63,48.03
2024-04-28,GNSG,GNSG,48.09,47.99,47.87,48.1,48.16,5.16,,,,,,,,,,,,,57.04,48.48,48.1,48.14,48.16,47.82
2024-04-29,GNSG,GNSG,47.95,47.82,47.86,47.86,47.81,,,,,,,,,,,,,,24.1,20.75,20.79,20.72,34.75,48.18
2024-04-30,GNSG,GNSG,49.71,48.92,48.72,48.2,47.61,,,,,,,,,,,,,,60.28,48.92,48.54,48.49,47.8,47.9
2024-04-27,GPYG,GPYG,,,,,,,,0.08,0.36,1.13,0.64,,,,,,,,,,,,,
2024-04-28,GPYG,GPYG,,,,,,,,1.82,0.63,0.32,0.14,,,,,,,,,,,,,
2024-04-29,GPYG,GPYG,,,,,,,,0.78,,0.37,0.32,,,,,,,,,,,,,
2024-04-30,GPYG,GPYG,,,,,,,,0.94,1.52,0.16,,,,,,,,,,,,,,
2024-04-27,ENBC,ENBC,4688.54,4382.46,4163.9,4056.24,3967.75,3998.8,4395.86,4971.21,5706.42,6319.6,7020.28,7372.9,7248.83,7048.61,6953.82,6938.07,6588.12,6454.6,6581,6538.48,6218.39,5745.47,5253.3,4913.11
2024-04-28,ENBC,ENBC,4574.04,4341.31,4160.75,3985.34,3928.52,3903.57,3967.29,4275.81,4684.39,5123.23,5626.61,6184.4,6316.89,6356.36,6286.81,6352.22,6265.7,6219.53,6304.52,6346.02,5899.47,5457.36,5027.72,4605.83
2024-04-29,ENBC,ENBC,4279.93,4066.78,3923.18,3790.59,3829.89,4133.81,4819.36,5644.89,6653.23,6919.27,7528.76,7927.87,8038.77,8005.87,8145.79,8171.97,8054.29,7448.97,7210.24,7081.4,6711.72,6064.39,5443.57,4895.96
2024-04-30,ENBC,ENBC,4484.58,4255.33,4139.16,4033.8,4029.3,4336.3,5043.68,5885.44,6806.79,7493.11,8065.74,8477.17,8542.14,8549.79,8541.19,8452.99,8235.3,7490.85,7062.95,6852.5,6455.74,5896.4,5347.8,4988.61
2024-04-27,NTCG,NTCG,20.27,21.47,18.59,16.52,16.13,15.04,15.84,14.8,14.03,13.28,13.66,14.39,15,14.02,12.83,11.35,12.57,12.88,11.46,11.12,11.98,13.65,15.74,17.89
2024-04-28,NTCG,NTCG,18.31,2102.67,2965.44,1981.3,1841.77,1689.08,847.78,590.36,599.89,599.92,612.29,613.74,593.52,595.69,596.93,582.15,622.31,579.57,590.54,603.51,733.46,672.25,646.82,649.4
2024-04-29,NTCG,NTCG,640.7,634.31,631.05,578,582.66,577.66,568.62,569.51,591.34,582.3,607.07,597.5,586.26,574.06,575.87,578.32,566.38,546.64,553.32,580.16,560.1,556.96,558.26,556.86
2024-04-30,NTCG,NTCG,553.64,547.64,546.98,542.57,549.04,548.95,552.54,570.67,570.35,572.9,570.1,574.96,587.15,603.35,613.99,866.04,583.52,558.66,556.87,565.57,581.29,578.94,568.46,562.76
2024-04-27,SCEC,SCEC,512.06,467.35,462.51,456.84,468.91,506.44,486.81,621.13,680.01,625.36,532.02,283.86,,107.9,348.35,133.66,326.43,550.38,689.15,663.62,654.97,605.04,549.2,525.81
2024-04-28,SCEC,SCEC,533.46,488.6,478.12,472.16,434.11,466.46,427.52,346.8,249.47,81.32,,,,,,108.74,302.87,478,563.79,571.69,557.8,539.62,522.87,439.56
2024-04-29,SCEC,SCEC,466.93,454.88,436.96,432.22,395.02,469.11,580.59,903.37,1092.05,802.56,574.7,732.12,526.95,480.16,758.1,852.89,1129.24,911.9,852.03,729.76,682.41,637.06,561.84,535.47
2024-04-30,SCEC,SCEC,518.62,507.16,497.17,455.9,450.87,524.78,587.82,868.59,1117.7,988.49,690.72,661.51,579.89,438.55,537.22,727.44,855.46,900.29,870.3,776.32,671.58,657.04,600.06,575.66
2024-04-27,ESVC,ESVC,401.3,385.97,375.51,367.36,364.06,345.28,366.67,410.12,437.63,447.95,473.83,498.26,507.47,534.57,563.14,547.45,503.65,506.6,576.02,581.61,564.56,538.53,497.72,455.03
2024-04-28,ESVC,ESVC,425.53,411.44,396.75,384.14,381.28,359.98,387.26,417.54,454.06,470.11,498.26,515.71,521.3,545.47,542.44,547.51,531.53,525.08,612.08,629.26,615.28,572.15,520.31,474.58
2024-04-29,ESVC,ESVC,447.91,432.58,410.93,397.15,388.99,381.36,420.79,472.33,517.63,528.97,541.6,517.6,469.27,493.53,536.64,540.42,506.77,500.9,547.24,552.65,541.62,495.04,440.41,405.23
2024-04-30,ESVC,ESVC,379.87,370.88,361.31,349.95,339.04,175.32,204.49,386.19,463.59,508.85,553.13,585.83,553.4,573.16,617.86,606.67,573.05,545.55,603.22,607.39,596.95,566.52,521.24,490.78
2024-04-27,ENDG,ENDG,36930.03,37473.41,37430.51,37436.29,37460.4,36840.34,35988.59,35800.19,30785.6,28555.46,28582.43,28504.93,28499.11,28597.7,28574.91,28473.83,28467.71,28588.48,29539.03,29561.94,29511.51,29450.25,29684.37,30604.33
2024-04-28,ENDG,ENDG,29616.44,24119.5,16414.38,16036.46,14892.66,12063.33,12176.19,12194.89,12227.57,12067.67,11501.35,10767.14,10703.55,10713.08,10739.33,10790.09,10814.34,10692.62,11395.34,18884.89,19690.85,19582.67,19603.86,19603.19
2024-04-29,ENDG,ENDG,20818.55,27395.96,27311.68,27209.82,27297.03,26441.05,21890.52,19308.65,19221.88,19380.56,19278.83,19213.21,18401.51,18396.73,18448.68,14385.17,11077.67,11006.4,11704.85,12038.37,12023.32,11996.22,12161.6,12091.7
2024-04-30,ENDG,ENDG,12109.38,12016.82,12077.07,11949.18,12416.17,12537.89,12576.13,15341.85,19818.97,19766.89,19755.33,19831.88,20451.9,20448.12,21047.36,21422.72,21315.5,21347.83,21879.7,22519.07,22893.35,21517.93,20093.54,20046.54
2024-04-27,ENDC,ENDC,1458058.51,1396420.37,1356443.96,1339751.51,1376771.14,1432441.07,1573012.4,1745334.14,1852179.7,1919345.34,1969358.04,2007238.22,1992362.76,1936353.54,1879171.24,1863222.9,1839130.63,1860640.52,1979723.63,1964179.03,1882972.58,1747188.51,1588910.14,1459916.1
2024-04-28,ENDC,ENDC,1364734.29,1294668.21,1247340.52,1220500.98,1218860.12,1211020.57,1261883.46,1386285.73,1516231.17,1617111.94,1683127.11,1712534.85,1745859.07,1714326.46,1675634.77,1637832.46,1629350.42,1644869.53,1808630.42,1851136.77,1792327.04,1655858.69,1505408.66,1374441.84
2024-04-29,ENDC,ENDC,1293229.51,1247701.03,1216619.12,1235997.37,1374854.31,1625214.37,1698606.34,1822326.87,1900788.53,1956099.89,2017224.83,2057090.15,2049137.18,2029510.6,2035032.68,2023656.06,2000408.03,1968004.8,2089390.25,2109424.1,2017639.09,1831384.88,1626958.38,1482160.54
2024-04-30,ENDC,ENDC,1382077.19,1341983.09,1308740.07,1308665.85,1448951.64,1672913.33,1741454.03,1851830.32,1937333.49,1981185.88,2032600.41,2083501.03,2077329.97,2052869.17,2059617.1,2051742.74,2011948.41,1982499.69,2092991.54,2093536.41,2003717.26,1838988.91,1641949.84,1512791.31
2024-04-27,RTAC,RTAC,353.96,356.09,358.69,353.42,354.4,355.02,352.87,640.83,1322.65,1364.07,1377.57,1385.28,1426.34,1500.48,1613.22,1606.94,1515.23,1532.21,1547.8,1458.39,1261.43,744.32,391.69,312.66
2024-04-28,RTAC,RTAC,300.27,298.25,302.84,299.31,305.48,299.72,302.49,313.57,405.37,679.77,1353.72,1370.07,1381.87,1389.9,1479.55,1489.38,1473.66,1438.07,1424.67,1321.69,690.36,377.95,270.12,265.27
2024-04-29,RTAC,RTAC,261.49,257.06,257.67,257.92,257.33,258.36,260.98,388.51,511.44,720.61,1364.77,1382.57,1392.49,1399.89,1379.86,1376.81,1373.83,1359.21,1342.17,1280.65,652.42,319.02,258.14,270.18
2024-04-30,RTAC,RTAC,264.75,272.39,245.52,250.35,258.57,295.12,295.46,347.07,485.55,774.19,1362.19,1381.41,1383.68,1396.2,1389.94,1370.24,1339.21,1310.69,1344.4,1244.43,652.5,426.47,352,363.97
2024-04-27,CEOC,CEOC,58539.9,55616.75,53288.86,52270.18,55931.18,62080.79,70538.98,76629.69,81457.59,85348.34,87754.18,86848.04,84324.51,83032.88,85792.37,86079.25,85780.73,85661.22,99076.25,104063.07,97677.55,86400.27,75398.28,66402.16
2024-04-28,CEOC,CEOC,61444.56,58399.18,56770.12,54884.12,55556.43,58089.66,63871.85,71399.89,77834.78,78447.17,80988.78,83787.93,84594.99,82513.04,80737.26,78342.67,72770,78452.21,97996.68,99561.08,93095.98,81955.06,70063.4,61740.5
2024-04-29,CEOC,CEOC,55929.35,54002.29,52004.6,51796.26,56554.21,69371.13,81052.81,78570.77,81458.83,81030.54,84487.13,90369.48,90020.4,87035.98,88907.7,88817.03,89911.57,95908.81,106914.13,109398.4,101848.06,89461.3,74821,63949.69
2024-04-30,CEOC,CEOC,57192.93,55234.25,53863,53914.48,58916.6,72880.25,81880.63,79027.94,81195.18,81876.09,89794.74,93871.94,91883.37,91402.64,89220.01,93321.98,95877.27,98602.03,109993.43,112107.81,104865.89,92743.44,76012.28,65402.69
2024-04-27,NRCG,NRCG,4.7,4.46,4.7,3.29,,1.64,4.46,4.46,3.81,4.19,3.57,3.27,3.5,3.5,3.27,3.51,1.41,,,,,,,
2024-04-28,NRCG,NRCG,,,,,1.41,4.7,3.99,3.76,3.29,3.52,3.29,3.29,3.29,3.29,3.76,3.52,3.52,3.76,0.47,,,,,
2024-04-29,NRCG,NRCG,,,,,,,,1.88,0.23,,2.35,3.52,3.52,3.52,3.76,3.76,3.76,3.99,3.52,,,,,
2024-04-30,NRCG,NRCG,,,,,,,,1.64,3.51,3.28,3.51,3.28,3.5,3.51,3.52,3.52,3.52,3.29,3.76,4.23,3.99,4.46,4.46,3.05
2024-04-27,ETTC,ETTC,42607.19,41325.98,40955.07,40894.06,41027.8,41972.21,48356.02,56766.53,63405.41,65994.54,68581.15,68973.01,65977.41,61549.2,58043.97,56935.89,54570.29,53036.5,52315.85,49496.22,44893.6,40968.45,37331.81,35642.3
2024-04-28,ETTC,ETTC,34358.4,33273.59,32629.31,32202.9,31605.03,31246.22,31678.36,34209.36,35760.38,38258.68,40637.89,42880.8,43196.82,42593.3,40807.57,39866.14,38974.05,38570.21,40258.3,39949.85,38436.79,36910.87,36704.65,36561.24
2024-04-29,ETTC,ETTC,35544.89,34447.51,34206.21,34421.45,35997.03,39441.85,51064.25,64883.51,74432.71,78871.97,80755.34,82787.99,81655.18,80991.14,83692.88,83689.06,80443.48,71646.99,65343.15,62123.63,56918.29,51568.86,46465.08,44662.67
2024-04-30,ETTC,ETTC,42571.15,41566.77,41257.91,41455.31,42163.47,44904.61,55300.33,69296.34,79526.18,82179.42,85539.75,88402.73,84951.9,83766.18,85702.51,83615.84,79253.53,70454.19,63783.36,59960.8,55510.86,50236.97,43690.27,41406.96
2024-04-27,CTZG,CTZG,,,,,,,,,,12.35,,,,,,,,,,,,,,
2024-04-27,AAGG,AAGG,130.01,106.66,84.44,74.16,79.17,73.58,,,,,,,,,,,,,162.77,116.84,86.78,94.68,82.64,86.78
2024-04-28,AAGG,AAGG,86.78,90.9,86.78,95.04,86.78,81.95,16.54,,,,,,,,,,,,162.22,122.83,113.1,88.66,87.5,87.14
2024-04-29,AAGG,AAGG,80.12,71.27,73.15,71.27,39.68,97.95,,,,,,,,,,,,,107.44,136.09,133.39,123.63,119.04,133.72
2024-04-30,AAGG,AAGG,133.36,127.7,133.72,125.82,116.83,75.18,,,,,,,,,,,,,92.15,144.4,133.42,120.96,132.64,127
2024-04-27,EMPC,EMPC,1636.35,1575.09,1516.79,1455.53,1332.56,1321.08,1300.92,1381.1,1629.83,1824.76,1935.95,1995.81,2019.23,2033.8,2097.85,2118.79,2092.11,2078.78,2246.26,2317.28,2216.17,2017.99,1913.16,1780.41
2024-04-28,EMPC,EMPC,1681.47,1611.38,1579.44,1529.81,1474.14,1470.11,1448.71,1525.47,1762.73,1859.19,1932.08,2063.58,2134.91,2107,2106.84,2108.71,2085.75,2058.46,2178.8,2250.13,2145.77,2029.93,1916.41,1673.88
2024-04-29,EMPC,EMPC,1574.78,1515.86,1437.23,1381.41,1366.36,1393.97,1351.79,1555.71,1808.79,1921.84,1975.03,2075.98,2073.04,2117.85,2168.87,2179.26,2169.8,2199.58,2307.05,2333.41,2211.99,2061.25,1903.85,1760.87
2024-04-30,EMPC,EMPC,1676.36,1626.73,1597.58,1530.9,1509.65,1559.59,1477.55,1582.07,1724.43,1764.44,1691.86,1831.28,1835.46,1864.15,1895.79,1980.77,1966.66,1930.37,2004.03,2040.63,1935.95,1800.42,1650.93,1527.02
2024-04-27,ERRG,ERRG,34.4,34.61,35.34,35.02,34.08,34.71,0.08,,,30.55,67.66,112.96,122.7,135.68,94.34,36.58,,,33.03,31.36,31.08,31.71,32.02,32.33
2024-04-28,ERRG,ERRG,32.74,33.05,32.73,33.46,33.46,3.43,1.6,,,,,,,,,,,,27,30.57,32.11,32.11,33.05,32.95
2024-04-29,ERRG,ERRG,33.05,33.46,33.77,33.36,33.46,30.68,,,,,,,2.49,14.94,11.42,,,,26.04,27.97,30.54,30.46,31.29,31.39
2024-04-30,ERRG,ERRG,31.27,31.48,31.48,31.58,23.58,14.06,0.36,,55.66,90.9,91.89,96.4,112.56,26.06,,,,,13.5,14.35,17.63,17.84,18.25,18.34
2024-04-27,TENC,TENC,5213.41,5062.07,5045.62,4997.74,4966.4,5130.52,6477.4,7088.03,7604.52,7793.95,8046.7,8261.09,8270.55,8311.83,8256.41,8051.69,7976.91,7905.03,7763.43,7507.47,7038.99,5819,5230.22,5076.18
2024-04-28,TENC,TENC,5143.28,5019.92,5000.01,4954.55,4941.84,5014.69,5448.88,6400.57,7172.45,7428.07,7633.08,7721.29,7708.4,7660.39,7698.2,7551.08,7436.77,7382.67,7272.31,6935.23,6212.91,5311.87,5083.4,4990.15
2024-04-29,TENC,TENC,5046.66,4954.31,4943.66,4858.19,4898.04,5145.47,6515.38,7011.97,7417.2,7573.41,7820.37,7936.68,8044.52,8147.84,8129.37,8053.03,7989.66,7905.27,7776.65,7642.25,7152.01,5883.01,5349.56,5177.34
2024-04-30,TENC,TENC,5211.49,5092.96,5069.1,5018.34,5010.04,5214,6528.01,7167.59,7717.05,7869.07,8076.9,8338.69,8327.69,8292.93,8259.74,8072,8107.69,7974.68,7954.2,7725.02,7246.24,6030.72,5406.75,5220.98
2024-04-27,TCBG,TCBG,206.4,216,223.2,225.6,225.6,225.6,223.2,225.6,132,139.2,141.6,122.4,412.8,,,,,,,,,,,
2024-04-27,CMMC,CMMC,1081350.78,1045040.06,1009979.38,982053.85,964420.66,927492.65,865607.74,866719.26,900976.82,940809.52,975043.22,1008515.15,1026301.96,1040321.88,1027223.63,1024602.91,992549.99,951441.4,1017407.6,1057653.67,1074384.41,1098602.15,1114794.16,1103466.65
2024-04-28,CMMC,CMMC,1060424.94,1007969.65,976194.43,946583.54,918189.54,878661.83,804806.03,774488.46,752851.85,751578.2,757981.28,807486.38,842596.11,861447.78,873207.76,874614.5,864542.7,876481.19,961214.25,1040704.56,1090591.43,1133379.94,1134605.25,1095019.58
2024-04-29,CMMC,CMMC,1054764.83,1015856.94,984036.96,955399.21,932474.7,880403.98,808898.2,827157.43,861081.52,888876.59,925006.44,962138.43,980506.98,1046444.18,1097692.96,1104130.28,1067898.97,1009510.6,1066797.43,1148975.04,1197619.55,1239865.45,1244670.29,1197991.56
2024-04-30,CMMC,CMMC,1140542.76,1089172.16,1052886.36,1020083.46,987225.46,927408.58,841812.03,857225.24,908274.6,936853.95,995408.41,1039017.34,1059047.59,1119808.5,1161449.34,1138742.47,1076083.7,1019920.79,1083671.96,1157831.42,1197951.69,1246221.06,1262657.22,1227150.83
2024-04-27,GNYG,GNYG,74.71,73,74.94,73.22,75.4,6.31,,,,,,,,,,,,,50.44,89.92,87.27,88.25,86.71,87.87
2024-04-28,GNYG,GNYG,85.95,85.65,76.14,75.33,76.82,29.8,,,,,,,,,,,,,68.22,89.12,88.88,70.47,88.33,86.88
2024-04-29,GNYG,GNYG,88.55,88.55,87.33,87.31,89.49,43.4,,,,,,,,,,,,,47.1,90.18,87.37,86.34,88.94,89.81
2024-04-30,GNYG,GNYG,88.84,89.49,90.98,88.8,87.58,20.76,,,,,,,,,,,,,49.66,81.57,80.09,77.29,73.28,74.21
2024-04-27,HDTG,HDTG,,,,,,,,,,17.36,36.08,46.02,52.31,52.22,38.72,23.66,,,,,,,,
2024-04-29,HDTG,HDTG,,,,,,,,,,,,,1.68,12.57,7.07,,,,,,,,,
2024-04-30,HDTG,HDTG,,,,,,,,,39.63,50.98,47.91,47.91,58.18,23.88,,,,,,,,,,
2024-04-27,GAPC,GAPC,8190.34,8172.34,8173.01,8299.98,8151.17,8017.76,8024.88,8049.83,7588.19,7088.64,7012.59,7324.53,7551.7,7918.59,7181.58,7663.13,8668.05,8048.12,7930.77,8158.71,8227.92,6776.4,5371.64,5329.79
2024-04-28,GAPC,GAPC,5350.8,5378.51,5257.07,5254.48,5341,5353.5,5193.98,5493.44,5132.71,4734.56,4803.33,4814.09,4955.34,4996.53,4825.55,4980.56,4663.45,5061.93,5342.17,5460,5684.7,6020.62,6272.14,6783.25
2024-04-29,GAPC,GAPC,6945.37,6522.48,6387.9,6814.79,7221.56,7507.8,7357.31,7262.32,7229.65,7052.87,6904.69,6588.67,6955.04,6941,7036.3,7571.56,8106.11,8208.75,8037.04,8746.55,9266.9,9030.36,8781.2,9084.92
2024-04-30,GAPC,GAPC,9060.06,9177.15,8923.1,9064.45,9099.21,8653.54,8593.87,8285.35,7948.35,6682.76,6778.3,7373.7,7003.46,7723,7817.16,7869.19,8196.76,7934.22,8168.77,8709.33,9071.46,9001.09,8653.5,8572.25
2024-04-27,CSSC,CSSC,1058867.33,1023683.75,990436.14,961882.97,941080.41,904456.95,873971.64,894365.92,883299.95,912736.16,940856.56,962709.22,951841.04,970486.34,983654.28,964299.83,982524.52,972879.22,1026997.54,1059613.73,1078957.92,1100804,1115633.91,1111768.45
2024-04-28,CSSC,CSSC,1078402.23,1046625.26,1010726.68,976459.91,948569.29,906521.95,836269.64,828225.35,817426.5,833905.82,849155.82,874779.02,883071.54,869623.93,869706.9,893710.82,932578.38,923541.61,970295.17,1025298.51,1068989.4,1109660.75,1122764.79,1103297.28
2024-04-29,CSSC,CSSC,1056481.32,1013929.31,981164.19,954837.35,932006.1,852232.03,813264.43,860987.99,848733.5,874344.67,905200.73,923021.54,937601.92,991640.16,1044202.85,1050686.17,1078533.7,1043806.64,1086788.59,1142986.17,1181214.16,1209226.87,1209334.89,1169776.08
2024-04-30,CSSC,CSSC,1119799.48,1077730.06,1046128.78,1018246.67,990069.61,929721.92,873767.14,915788.83,941484.35,976386.31,1010049.57,1046877.49,1063260.83,1129834.47,1162099,1143521.25,1146907.43,1089318.45,1108065.42,1158070.33,1195341.34,1223464.54,1234267.64,1205593.44
2024-04-27,PCYG,PCYG,2.84,2.84,2.7,2.69,2.83,2.54,2.83,2.67,2.68,2.66,2.54,2.54,2.67,2.53,2.66,2.66,2.67,2.83,2.69,2.73,2.71,2.83,2.69,2.98
2024-04-28,PCYG,PCYG,2.99,2.84,2.69,2.84,2.99,2.83,2.83,2.82,2.8,2.67,2.65,2.67,2.54,2.65,2.67,2.52,2.81,2.82,2.84,2.72,2.71,2.84,2.92,2.88
2024-04-29,PCYG,PCYG,2.89,3.04,3.11,2.98,3.11,2.97,2.96,2.81,2.79,2.62,2.62,2.62,2.76,2.62,2.76,2.78,3.11,2.98,2.87,2.99,2.82,2.89,3.03,2.76
2024-04-30,PCYG,PCYG,2.76,2.89,2.76,2.89,2.89,2.76,2.62,2.61,2.61,2.61,2.6,2.61,2.48,2.25,1.96,2.93,2.67,2.93,2.62,2.62,2.62,2.88,2.89,2.89
2024-04-27,PRIG,PRIG,,,,,,,,1.25,5.94,16.29,8.93,,,,,,,,,,,,,
2024-04-28,PRIG,PRIG,,,,,,,,22.86,8.71,4.5,1.95,,,,,,,,,,,,994.34,765.63
2024-04-29,PRIG,PRIG,415.83,343.05,502.82,358.48,349.9,342.39,330.49,308.17,282.76,312,375.28,380.83,300.9,355.81,382.43,354.57,364.55,359.67,282.21,279.31,270.94,256.31,258.6,263.06
2024-04-30,PRIG,PRIG,362.89,249.98,212.29,213.84,213.03,211.98,203.78,236.39,239.7,214.86,493.87,555.25,433.93,1542.76,1924.39,1899.64,1899.86,1896.24,1901.16,1903.3,1901.82,1897.09,1895.46,1893.64
2024-04-27,GNYC,GNYC,88.61,88.1,89.98,94.17,91.58,93.35,98.02,524.19,3016.48,4456.14,5054.2,5321.17,5356.41,5398.94,5308.59,5339.94,4999.11,4372.38,3661.62,2247.08,533.11,173.95,150.86,202.78
2024-04-28,GNYC,GNYC,128.31,91.49,88,88.2,88.77,90.62,91.54,383.02,2627.33,4028.85,4490.82,4792.79,4883.17,5002.12,4906.77,4919.76,4853.66,4266.78,3372.6,2153.28,443.93,137.12,113.59,88.17
2024-04-29,GNYC,GNYC,88.82,88.61,88.77,89.01,89.19,90.18,95.98,785.17,3294.12,4271.34,4468.61,4719.81,4953.22,4946.09,4831.2,4818.81,5019.02,4616.58,3865.77,2291.28,332.13,95.31,91.81,91.54
2024-04-30,GNYC,GNYC,91.72,91.73,92.61,92.39,91.77,94.45,93.26,538.02,3267.06,4798.04,5289.98,5381.31,5382.55,5435.9,5369.88,5035.64,4918.63,4529.18,3962.75,2435.94,348.3,92.32,88.62,89.06
2024-04-27,LESC,LESC,5104.92,5102.65,5111.21,5104.53,5111.59,5109.08,5103.63,5114.09,5112.72,5113.72,5118.88,5116.98,5111.06,5087.36,5076.9,5099.47,5090,5083.95,5086.6,5098.72,5101.75,5105.53,5098.1,5098.86
2024-04-28,LESC,LESC,5096.59,5097.72,5104.78,5100.75,5110.22,5099.99,5095.45,5100.99,5106.29,5104.39,5103.63,5097.58,5092.04,5086.22,5079.17,5075,5073.49,5080.3,5089.77,5089.39,5091.29,5085.99,5086.74,5074.39
2024-04-29,LESC,LESC,5084.85,5084.09,5085.6,5106.29,5097.72,5109.32,5115.85,5138.14,5137.76,5134.35,4556.34,4467.89,4474.95,4450.39,4447.73,4461.46,4451.37,4430.84,4424.78,4439.03,4430.46,4431.21,4429.33,4423.41
2024-04-30,LESC,LESC,4423.78,4419.62,4421.14,4421.9,4434.63,4422.27,4440.77,4451.62,4451.37,4470.78,4463.35,4469.03,4464.11,4447.97,4450.24,4441.16,4427.67,4420.1,4426.91,4437.89,4433.87,4425.54,4423.78,4422.65
2024-04-27,SFEG,SFEG,,,,,,,,0.07,0.38,1.29,0.73,,,,,,,,,,,,,
2024-04-28,SFEG,SFEG,,,,,,,,1.54,0.59,0.32,0.15,,,,,,,,,,,,,
2024-04-29,SFEG,SFEG,,,,,,,,0.6,,0.29,0.4,,,,,,,,,,,,,
2024-04-30,SFEG,SFEG,,,,,,,,1.03,1.47,1.59,1.6,,,,,,,,,,,,,
2024-04-28,HEMG,HEMG,0.1,,,,,,,,,,,,,,,,,,,,,,,
2024-04-27,EPSC,EPSC,403410.66,387894.84,378386.56,371096.53,369004.14,376009.55,381110.73,416311.19,442438.23,461559.11,472705.02,487346.82,484981.2,484039.42,481763.29,483599.53,484142.86,489011.85,534801.17,542141.45,520092.74,487212.04,451692.11,416784.06
2024-04-28,EPSC,EPSC,392203.6,374278.97,363235.95,351788.92,344923.23,340659.25,326690.76,343569.82,355115.69,365989.29,384111.75,400670.27,413542.98,411047.4,403014.9,404687.35,403209.19,413571.66,466245.93,482904.45,468453.96,445516.68,415988.99,387159.33
2024-04-29,EPSC,EPSC,369968.69,360651.68,351250.52,348303.29,356108.88,378260.12,396232.42,431093.63,452746.77,464976.05,481675.09,500208.39,490990.73,499070.86,512111.93,527519.49,522059.39,523588.9,557826.76,571691.29,552349.9,522147.63,468055.76,425643.97
2024-04-30,EPSC,EPSC,398501.74,390511.15,382732.98,375920.49,384336.42,397312.57,414985.21,443984.96,466629.32,480884.19,505361.77,530165.42,523936.96,536563.07,540941.65,536250.18,531161.59,515288.18,552616.53,566183.36,542010.13,507818.62,459461.98,419044.14
2024-04-27,EPSG,EPSG,1585.96,1533.9,1679.67,1533.62,1503.32,1541.24,1552.04,1600.96,1552.57,1664.45,2139.47,2740.65,3042.2,2858.16,2317.93,1702.48,1376.17,1426.44,1833.2,1760.64,1825.74,1843.51,1925.15,2134.79
2024-04-28,EPSG,EPSG,1812.25,2264.16,2417.31,2942.71,2802.49,2789.56,2469.48,2746.62,2949.34,3384.84,3917.68,4233.12,3876.11,4418.71,4231.03,3485.34,3134.19,2952.7,3137.7,2357.97,2338.89,2260.67,2328.99,2328.07
2024-04-29,EPSG,EPSG,2260.41,2223.78,2209.36,2344.38,2228.14,2133.95,1764.76,1851.87,1808.92,1837.36,1872.41,1857.47,1875.75,2072.86,1974.06,1864.59,1870.02,1858.56,2191.53,2341.04,2231.76,2162.66,2226.67,2256.93
2024-04-30,EPSG,EPSG,2276.59,2264.29,2180.48,2216.11,2384.07,2245.36,2158.75,2189.14,2899.74,3540.27,3904.43,3785.87,3817.94,3060.91,2582.02,2533.39,2361.76,2226.64,2388.58,2482.75,2542.33,2591.39,2448.9,2274.29
2024-04-27,VESC,VESC,2820.66,2762.47,2770.68,2691.87,2288.01,1634.97,1576,1640.81,1580.79,1431.6,1535.97,1555.22,1558.28,1414.27,1487.96,1834.72,2008.39,2127.98,2092.5,1923.23,1910.56,2033.99,1938.97,1938.71
2024-04-28,VESC,VESC,1745.25,1449.73,1195.2,1264.44,1405.34,1589.96,1622.46,1563.35,1415.24,1181.11,1229.92,1126.48,1002.36,977.54,1190.87,1186.15,1642.46,1763.18,1926.58,2306.41,1878.98,1619.71,1550.3,1495.91
2024-04-29,VESC,VESC,1484.48,1463.99,1647.96,1481.7,1514.61,1525.44,1832.86,2066.58,2067.85,2331.75,1972.65,2046.61,2017.5,2909.33,3335.81,2471.5,2344.49,2210.7,2668.64,2885.75,2753.98,2374.52,2028.51,2262.45
2024-04-30,VESC,VESC,2314.73,2274.55,2053.33,1773.45,1728.78,1878.52,1763.9,2151.62,2342.97,2293.37,2364.76,3028.4,3307.05,1888.33,1895.32,918.02,1114.11,1158.37,1066.87,1023.3,1082.71,1143.5,900.15,766.96
2024-04-27,NEUC,NEUC,19191.12,18080.08,17540.05,17357.1,17331.94,17761.54,19848.34,23827.78,27213.66,29000.1,29747.46,30344.4,30948.8,30567.11,30196.69,30769.43,30975.44,30526.3,29576.44,28568.63,25694.66,22356.14,19735.95,18051.57
2024-04-28,NEUC,NEUC,16934.01,16158.75,15611.6,15179.36,15020.1,15211.52,15845.41,17705.16,19808.28,21216.44,22326.16,23930.4,24878.27,24863.84,24449.43,24976.17,25093.94,24975.57,24505.85,24507.17,22699.41,20317.16,18549.22,17673.92
2024-04-29,NEUC,NEUC,17159.2,16629.1,16217.25,16024.72,16030.26,16932.06,20443.81,25774.15,29672.58,31603.18,32695.12,33448.17,34323.93,34537.84,34765.61,35839.38,36589.28,35799.64,33819.45,32519.37,29906.7,26271.68,23029.48,20379.49
2024-04-30,NEUC,NEUC,19347.44,18660.83,18070.41,17857.83,17845.22,18795.23,22104.22,26977.42,30920.31,32933.99,34119.49,35959.05,36550,36500.9,36960.13,38320.05,37937.59,36835.38,35069.99,33735.78,30743.18,26891.65,23369.12,20452.03
2024-04-27,VICC,VICC,303.99,308.64,298.89,286.52,288.84,276.54,264.17,283.46,280.07,291.47,296.52,313.35,323.7,346.08,347.38,352.69,345.69,321.02,384.34,408.64,399.04,397.29,386.58,367.55
2024-04-28,VICC,VICC,355.59,329.07,332.71,324.26,316.51,297.17,278.68,280.07,275.1,300.01,312.99,327.08,321.92,317.95,331.44,316.95,322.25,308.43,397.75,400.21,411.99,382.7,368.43,331.9
2024-04-29,VICC,VICC,327.08,304.08,315.22,298.87,297.12,276.07,255.38,238.23,276.69,286.31,293.78,302.56,320.71,347.88,347.43,324.15,326.25,320.07,374.93,379.89,380.43,356.41,329.32,303.06
2024-04-30,VICC,VICC,303.93,293.01,293.13,293.8,294.11,281.36,261.91,249.73,275.33,302.55,330.11,348.18,358,340.14,367.03,367.54,349.55,344.87,398.31,423.69,413.95,412.41,376.69,365.05
2024-04-27,ESOC,ESOC,470.93,441.84,430.74,428.35,426.05,426.05,437.23,510.19,557.29,565.64,586.64,547.47,586.38,596.54,589.29,582.46,585.62,573.59,609.67,646.19,650.47,628.62,590.22,537.49
2024-04-28,ESOC,ESOC,503.36,479.04,461.8,450.03,436.97,421.18,408.21,449.25,495.67,551.57,581.26,598.16,615.23,632.03,515.81,597.14,588.61,579.64,620.85,672.99,668.38,633.82,585.27,535.18
2024-04-29,ESOC,ESOC,504.64,482.36,465.56,451.4,449.17,448.41,454.97,496.19,546.28,560.1,595.34,628.36,653.88,670.43,655.84,626.66,611.98,605.07,633.66,670.86,657.55,603.02,518.98,461.72
2024-04-30,ESOC,ESOC,423.83,408.56,399.42,394.3,390.72,399.86,418.8,459.75,495.25,523.24,576.57,611.13,617.1,615.05,619.23,618.21,612.06,595.51,608.48,664.8,661.39,633.4,574.78,514.1
2024-04-27,CBNC,CBNC,10028.39,9866.56,9903.65,9922.1,9960.59,9679.06,9352.61,7822.24,7524.97,5622.94,4248.09,4021.33,4335.11,4838.36,6582,8070.38,9352.85,9522.27,9578.34,9378.95,8661.01,7500.05,7315.64,7484.17
2024-04-28,CBNC,CBNC,7178.91,7137.03,7376.47,7411.47,7196.63,7018.27,7067.36,6330.65,4016.82,1983.74,1444.93,1417.5,1382.02,1528.8,1937.34,6647.5,7304.17,7479.22,7378.51,7554.76,8389.3,8494.55,8885.59,9568.98
2024-04-29,CBNC,CBNC,9227.69,9425.49,9956.8,10176.54,10219.9,10040.65,10074.43,8869.04,7262.23,6130.78,4587.35,4284.64,4526.28,4501.9,4873.82,6476.66,9520.01,11442.65,11551.02,11720.08,11610,10969.61,11407.09,11390.02
2024-04-30,CBNC,CBNC,10891.79,10945.33,11371.05,11223.28,10971.84,10501.76,10158.16,8225.76,6157.23,4667.74,4760.09,4664.15,4474.28,5946.5,8887.2,8838.54,8645.05,9477.95,9164.41,6934.34,5823.59,5216.89,4965.44,4927.51
2024-04-27,QIEC,QIEC,19613.6,18105.44,17421.2,16816.51,16487.27,17025.56,19507.38,23454.44,28026.78,34384.29,41808.76,44132.21,43982.4,43369.86,43274.45,42858.32,42404.73,40991.19,40327.64,38065.71,33946.24,28418.67,24549.78,21427.53
2024-04-28,QIEC,QIEC,18386.7,16952.21,16256.43,15720.73,15078.59,14745.41,14662.81,15887.1,18113.44,21386.13,28070.12,32538.37,34769.66,36420.57,36585.05,36693.45,36983.89,36196.76,36157.2,34039.57,29656.05,24817.99,21834.97,18855.45
2024-04-29,QIEC,QIEC,15903.76,15002.01,14611.26,14501.67,14565.01,16061.68,20346.99,26518.38,32524.72,37909.66,44292.75,46517.23,46107.84,46622.15,49466.95,50564.53,49906.97,46158.64,43381.82,39638.84,33712.67,28342.46,25041.77,21934.69
2024-04-30,QIEC,QIEC,18644.92,17431.22,16871.17,16444.47,16453.1,17751.25,20998.41,26497.23,32630.71,38861.64,44969.35,47419.94,46787.18,47817.21,50120.38,50681.41,48623.39,45114.22,42538.68,39223.1,34381.62,29022.17,25198.43,21979.85
2024-04-27,GPEG,GPEG,,,,,,,5.54,5.85,0.51,,,,,,,,,,,,,,,
2024-04-28,GPEG,GPEG,,,,,,,11.19,11.08,9.24,9.44,9.34,9.44,9.34,10.02,,,,,,,,,,
2024-04-29,GPEG,GPEG,,,,,,,,,,,1.44,,,,,,,,,,,,,
2024-04-30,GPEG,GPEG,,,,,,,,,,,,,,,,0.92,,,,,,,,
2024-04-27,RPEC,RPEC,1752.18,1529.91,1553.77,1521.47,1513.76,1586.38,1800.52,2198.23,2068.45,2296.4,2642.33,2904.63,2406.96,2249.99,2443.23,2440.99,2366.74,2396.41,3133.11,3481.85,3865.62,3780.28,3351.07,3351.57
2024-04-28,RPEC,RPEC,3264.04,3228.42,3398.46,3678.36,4800.71,5356.69,5143.61,4274.97,4525.79,4599.36,444.63,419.76,802.27,607.37,383.35,368.04,378.24,295.11,298.01,1674.24,3211.82,347.77,331.85,296.16
2024-04-29,RPEC,RPEC,308.95,316.58,313.79,299.82,309.13,332.41,369.65,463.7,625.71,826.83,798.9,822.8,711.37,771.28,929.88,941.05,808.52,2986.41,4218.9,3922.49,3839.62,3797.1,4720.46,5381.87
2024-04-30,RPEC,RPEC,931.43,3494.8,3925.9,2501.6,1760.04,669.53,358.91,495.25,696.9,792.81,855.67,833.66,736.44,767.61,858.24,870.49,740.29,567.77,537.31,445.41,384.81,343.83,345.88,327.43
2024-04-28,RPEG,RPEG,,,,,,,,,,2.41,122.73,183.93,98.46,74.26,72.79,104.37,80.95,83.9,81.04,54.68,10.78,59.73,91.03,100.56
2024-04-29,RPEG,RPEG,31.94,,,,,,,,,,,,,,,,,,,,,,,
2024-04-30,RPEG,RPEG,,,,,0.61,13.18,40.39,64.85,96.41,119.36,156.38,91.35,108.43,111.65,130.94,116.89,89.7,80.13,60.98,40.87,74.3,90.06,67.99,47.7
2024-04-27,SOEC,SOEC,168495.1,164025.99,165863.89,167000.13,162356.53,159254.07,157173.8,150184.6,89042.1,165361.41,113448.1,173499.34,168645.97,164987.81,168389.27,165942.56,169662.92,159840.2,159769.6,154388.86,155453.25,146029.15,149033.11,152796.51
2024-04-28,SOEC,SOEC,163440.21,155263.74,72960.27,38546.94,32322.13,31408.41,29595.5,29774.22,29277.83,29240.76,29216.56,29380.85,48815.62,107170.16,125618.83,141568.52,141755.05,125090.77,136844.24,147854.67,153059.97,152915.4,128893.97,134395.26
2024-04-29,SOEC,SOEC,116990.98,134680.79,144280.33,150775.06,142642.71,151366.54,159723.64,157997.75,157992.74,159698.3,156752.37,153101.38,148284.93,155265.52,156888.14,116646.51,127047.07,125264.46,131160.78,144485.63,138883.89,164436.4,161100.61,161898.11
2024-04-30,SOEC,SOEC,159129.01,158766.46,162132.38,163901.24,161228.42,157627.55,162105.66,159541.66,155257.19,157120.77,159838.27,161317.59,162609.04,162889.46,156023.26,93221.86,143208.53,161959.58,164547.17,136943.19,157426.39,154183.37,153826.94,152397.34
2024-04-27,TMNG,TMNG,109.63,105.07,103.39,101.6,101.3,99.51,97.43,98.84,99.27,99.39,100.54,102.41,106.2,106.91,107.62,105.16,102.81,101.74,105.61,106.03,110.61,109.74,109.48,108.9
2024-04-28,TMNG,TMNG,108.14,108.45,106.34,102.66,104.35,101.23,97.03,96.16,98.25,99.84,103.64,104.29,102.62,100.31,100.51,120.56,112.42,327.82,743.32,808.96,774.16,729.63,579.47,590.78
2024-04-29,TMNG,TMNG,571.14,551.2,538.84,541.74,548.2,558.88,539.45,545.95,515.48,487.68,421.97,348.17,329.77,449.6,,,624.66,,,,575.06,,681.89,
2024-04-27,FREC,FREC,9582.21,9413.38,9279.8,9357.72,9450.48,8198.21,7482.1,7701.01,8209.34,7990.43,8344.77,8220.47,8068.35,7940.34,7843.87,7804.91,7697.3,7508.07,7682.46,7409.74,7636.08,7287.3,7302.14,7257.62
2024-04-28,FREC,FREC,7600.83,7526.62,7491.37,7600.83,7539.61,7489.52,7444.99,7760.38,7819.75,7901.38,8120.29,7931.06,7875.4,7929.21,7984.86,7880.97,8201.92,7816.04,7912.51,7895.81,7940.34,7921.78,7765.95,7715.86
2024-04-29,FREC,FREC,7838.3,7938.48,7906.94,7927.35,7726.99,7767.8,7970.02,8168.53,8381.88,7702.87,7133.32,7773.37,7879.11,7749.25,8398.58,8146.27,8320.66,7925.49,8025.68,8021.97,8140.7,7906.94,7816.04,7430.15
2024-04-30,FREC,FREC,7910.65,7960.74,7853.14,7908.8,8033.1,8010.83,8129.57,7940.34,6992.32,6881.01,7637.94,8428.26,8521.02,8255.72,7912.51,7339.25,7906.94,7981.15,8211.2,7875.4,8007.12,7914.36,7433.86,7558.16
2024-04-27,TPLC,TPLC,31081.81,28160.27,22905.98,16712.69,10520.53,7736.25,8327.57,9632.34,9649.54,9504.51,9759.08,9603.67,7916.13,7480.6,9394.26,10111.62,10162.97,10409.63,10428.99,9956.63,10541.13,18384.61,24031.81,28687.83
2024-04-28,TPLC,TPLC,27036.77,25172.52,20862.53,14248.97,7839.69,6232.14,6050.14,6017.15,5518.82,5851.13,6018.29,6407.96,5560.46,5365.03,6029.4,7037.15,7162.46,7195.86,7477.42,7730.27,8643.63,13127.11,20280.8,21632.53
2024-04-29,TPLC,TPLC,21042.59,16458.73,12246.79,9013.16,7071.14,7364.47,8641.92,9602.52,10282.98,10144.98,10437.19,10173.7,9343.97,9973.68,10251.97,10408.92,10826.92,10624.66,11141.43,10464.02,10222.85,19213.47,28560.09,32822.86
2024-04-30,TPLC,TPLC,30347.01,27735.16,21837.69,15180.49,9178.83,8377.8,9292.95,9999.67,10547.49,10201.1,10251.3,11222.06,10283.17,10232.16,10793.13,11513.01,11417.79,11149.66,10973.03,10802.32,11199.86,19540.21,28647.41,31280.71
2024-04-27,GSAG,GSAG,32.92,30.87,30.87,30.87,30.87,29.84,26.75,30.87,26.75,51.44,56.59,62.76,47.33,61.73,59.68,54.53,,,,,,,,
2024-04-28,GSAG,GSAG,30.87,29.84,30.87,29.84,30.87,41.16,47.33,26.75,26.75,26.75,26.75,41.16,62.76,62.76,90.54,26.75,,,,,,,,30.87
2024-04-29,GSAG,GSAG,29.84,30.87,29.84,30.87,30.87,56.59,51.44,45.27,44.24,43.21,43.21,37.04,34.98,36.01,53.5,53.5,6.17,,,,,,,
2024-04-30,GSAG,GSAG,28.81,29.84,29.84,30.87,29.84,31.9,25.72,25.72,25.72,25.72,25.72,50.42,53.5,53.5,51.44,51.44,24.69,,,,,,,
2024-04-27,ENGG,ENGG,6.56,6.54,6.51,6.46,6.7,,,,,2.43,0.63,5.37,4.91,4.49,3.35,2.01,,,,,,,,
2024-04-28,ENGG,ENGG,,,,,,,,,,,6.35,6.36,,,,,,,,,,,,
2024-04-29,ENGG,ENGG,,,,,,,,,,,,,0.06,0.52,0.44,,,,,,,,,
2024-04-30,ENGG,ENGG,,,,,,,,,3.6,4.81,5.67,5.17,6.43,2.7,,,,,,,,,,
2024-04-27,CMXC,CMXC,25250.16,28280,28844.8,26561.8,21206.94,20662.99,22724.81,23850.57,29534.54,31426.51,31839.13,31892.19,31478.95,32293.82,30663.69,30929.84,30198.89,29456.17,25220.79,24318.15,23322.36,27524.03,29182.22,29793.56
2024-04-28,CMXC,CMXC,23957.63,24320.7,23974.25,23376.1,24766.73,25620.98,27080.23,25604.59,25665.18,27372.43,29609.92,30763.17,33646.42,33335.29,31199.86,29185.02,29861.13,29556.22,24527.96,23409.65,22746.8,23454.19,22091.31,22688.29
2024-04-29,CMXC,CMXC,22920.43,23415.72,24137.45,26434.01,23342.86,23426.3,22445.37,25332.96,26846.99,27176.82,28610.21,28691.6,28860.24,29460.76,30076.04,29862.5,29016.91,28290.87,28950.37,29296.99,30671.37,30745.37,30401.38,30185.23
2024-04-30,CMXC,CMXC,28186.23,27106.93,23071.16,20816.58,19497.64,19192.04,21190.19,22281.62,23849.69,25052.96,25420.02,24020.55,25420.99,27381.12,27850.68,25168.15,25977.79,31607.1,31350.37,31227.81,31770.83,32638.54,32267.09,32117.8
2024-04-27,IACG,IACG,,,,,,,,,,,,,6.49,,,,,,,,,,,
2024-04-28,IACG,IACG,,,,,,,,,,,8.26,3.38,,0.4,8.26,,,,,,,,,
2024-04-29,IACG,IACG,,,,,,,,,,6.76,,,,,,,,,,,,,,
2024-04-27,TEMG,TEMG,244.94,291.82,150.74,103.74,103.24,110.26,116.29,105.86,100.9,98.31,105.99,111.3,114.34,109.99,100,87.5,92.66,91.43,72.58,67.83,75.7,88.27,98.65,114.07
2024-04-28,TEMG,TEMG,184.06,291.41,318.3,298.26,261.16,252.63,251.02,250.61,250.69,308.72,352.03,345.37,327.24,334.63,334.51,301.7,278,270,253.21,238.98,238.37,236.7,252.91,241.55
2024-04-29,TEMG,TEMG,56.97,,,,1988.99,1423.59,1120.7,1120.7,1090.41,1080.31,827.9,474.53,444.24,464.43,464.43,555.3,555.3,575.49,605.78,615.88,585.59,838,1140.89,2211.11
2024-04-30,TEMG,TEMG,,,,,42.33,61.99,85.48,112.34,157.12,213.68,237.64,202.79,203.33,200.24,182.65,182.43,151.92,139.57,118.7,102.56,123.69,142.73,103.53,69.94
2024-04-27,ENIC,ENIC,33365.38,32148.37,31181.79,30517.17,30195.7,29362.43,29190.83,30731.38,32160.66,32888.03,33634.09,34585.86,34074.6,34814.91,36355.29,36089.11,35099.43,34956.82,39212.56,39462.72,39116.11,38217.15,36731.24,34988.93
2024-04-28,ENIC,ENIC,33345.09,32381.58,31649.74,30978.33,30866.78,30057.89,29780.16,30561.1,30717.27,30876.96,31664.79,32570.24,33122.6,34452.9,35751.68,35576.39,34726.64,34666.25,39091.77,40821.92,41343.87,40995.09,39323.6,37163.37
2024-04-29,ENIC,ENIC,35422.09,33924.75,32827.09,31941.09,31461.08,30895.5,30219.84,32305.29,33582.41,33876.19,34306.09,35313.06,33584.82,35563.83,38482.84,38437.34,37717.41,36439.63,38857.69,39276.22,39006.91,37806.53,35484.33,33224.6
2024-04-30,ENIC,ENIC,31584.79,30419.19,29529.78,28888.15,28854.29,28163.96,28546.27,31670.89,35011.79,37837.07,40198.74,41860.21,39437.66,42526.01,44798.36,42635.86,40242.48,38898.86,41429.81,42534.33,42237.9,41864.6,39731.87,37324.64
2024-04-27,TYPG,TYPG,1192.88,1216.74,1233.58,1253.35,1278.56,1318.45,1335.91,1242.66,1125.05,1058.91,1008.69,938.65,946.63,954.76,948.67,951.5,1001.04,1061.89,937.29,934.82,686.44,544.03,591.98,645.27
2024-04-28,TYPG,TYPG,689.49,713.34,740.65,769.05,784.56,811.93,832.12,789.44,746.01,709.38,671.97,625.52,614.54,605.79,594.57,579.02,599.3,637.33,949.96,992.25,1038.85,1122.76,1282.8,1365.5
2024-04-29,TYPG,TYPG,1378.52,1370.23,1383.85,1402.27,1416.07,1404.98,1412.11,1314.25,1189.51,1136.16,1123.12,1000.22,1014.63,952.92,843.98,831.35,894.91,968.52,902.61,894.47,922.67,965.28,1049.95,1121.97
2024-04-30,TYPG,TYPG,1281.94,1290.77,1283.24,1306.35,1327.49,1362.44,1359.83,1252.09,1097.9,975.27,878.51,834.47,928.21,870.13,807.96,839.62,905.59,989.01,937.43,950.12,961.12,1027.25,1079.84,1151.9
2024-04-27,FERC,FERC,5802.31,5653.09,5629.74,5528.12,5714.34,5708.96,6458.51,6879,7106.25,7192.31,7173.81,7228.2,7002.35,6701.79,6585.98,6528.29,6384.36,6295.97,6336.52,6080.61,5813.02,5696.94,5220.97,5145.76
2024-04-28,FERC,FERC,4966.61,4825.18,4847.12,4776.22,4709.04,4323.63,3871.2,3853.38,3826.37,3930.24,3992.02,4044.07,4341.91,4456.13,4447.34,4461.59,4314.5,4185.05,4242.28,4310.61,4305.07,4165.64,4339.95,4460.32
2024-04-29,FERC,FERC,4306.86,4261.74,4177.72,4151.36,4506.54,4903.98,6740.09,7674.36,8213.3,8379.32,8553.49,8848.8,8779.76,8642.97,8824.18,8971.66,8311.53,7339.52,7236.53,7074.21,7016.83,6902.17,6385.59,6321.75
2024-04-30,FERC,FERC,4939.59,4908.34,6137.03,5880.07,5891.94,6253.17,7793.89,8512.67,8872.65,8973.24,9121.94,9494.98,9160.31,8794.49,8667.27,8729.38,8528.6,7775.7,7232.27,6957.16,6805.28,6317.35,5829.14,5706.39
2024-04-27,GNCG,GNCG,16.54,60.08,60.72,59.08,58.21,60.76,13.96,12.03,11.51,11.45,11.48,10.99,12.13,12.76,12.69,12.59,12.26,12.71,14.68,15.32,15.36,15.79,16.42,16.41
2024-04-28,GNCG,GNCG,33.19,58.34,58.94,57.39,56.41,15.91,13.33,11.4,10.63,10.74,10.6,10.07,10.92,12.29,12.28,11.9,11.81,11.66,14.36,15.28,15.47,16.12,16.62,16.45
2024-04-29,GNCG,GNCG,15.75,15.8,16.32,15.82,15.74,16.48,13.38,11.88,11.06,10.7,10.77,10.39,11.7,13.2,13.5,13.45,13.28,12.05,13.93,14.97,15.32,15.57,16.11,16.14
2024-04-30,GNCG,GNCG,15.48,15.56,16.05,15.56,15.5,15.87,13.45,11.72,11.16,10.79,10.67,10.5,11.69,17.66,17.58,17.72,12.44,11.84,13.04,15.11,15.37,15.87,15.88,15.87
2024-04-27,GNCC,GNCC,139174.17,134206.28,130826.89,129928.62,128876.43,132049.42,152222.39,177596.97,195151.54,207114.82,218986.64,220829.88,212636.53,208034.8,207236.09,204806.71,200028.24,193859.94,191024.49,182039.67,169748.25,151797.57,136322.81,128088.55
2024-04-28,GNCC,GNCC,124925.13,120268.29,116222.71,114207.95,113762.04,113986.92,120542.06,134797.83,144236.81,150953.59,160823.74,168039.37,170865.86,169742.54,168126.07,167537.44,167121.95,164831.16,166323.94,161550.17,150727.54,139805.32,130194.98,123576.49
2024-04-29,GNCC,GNCC,121759.81,118478.74,115449.43,115013.13,116770.21,125506.91,155226.33,188412.92,213111.69,223907.83,236284.01,242811.68,236255.85,239648.32,247280.04,249070.44,245704.34,229289.78,216342.36,204910.7,189746.56,170057.76,152147.23,142817.57
2024-04-30,GNCC,GNCC,140065.02,135635,131459.79,130757.91,131673.8,139115.71,166988.62,200649.67,223194.02,234295.48,249002.2,255834.91,246535.58,247314.64,252774.58,250147.27,244444.57,228298.79,214836.73,203875.79,188322.86,167725.61,147906.69,139163.42
2024-04-27,PEEC,PEEC,532.91,522.72,494.62,535.33,595.78,607.55,663.76,788.54,830.57,843.79,889.89,906.97,851.07,807.95,711.5,718.89,700.8,705.7,725.65,703.66,681.5,635.41,588,536.52
2024-04-28,PEEC,PEEC,482.31,493.17,528.86,554.08,557.42,564.41,547.38,611.47,643.32,643.71,649.06,689.16,771.75,763.46,647.24,654.29,645.11,619.95,649.32,622.98,565.96,528.27,481.41,491.86
2024-04-29,PEEC,PEEC,478.07,484.55,465.97,532.81,549.07,612.91,657.83,829.94,993.4,1034.07,1101.69,1165.24,1186.44,1179.77,1173.93,1130.43,1066.52,987.26,794.31,696.93,707.38,661.65,536.6,484.28
2024-04-30,PEEC,PEEC,481.53,462.78,455.08,447.29,509.27,528.6,614.64,772.32,943.01,1120.01,1122.7,1163.43,1130.26,1120.98,971.75,921.78,890.24,782.81,672.73,590.35,511.54,469.01,378.06,350.56
2024-04-27,GECC,GECC,384545.19,387714.91,386532.36,376154.57,380962.82,380707.53,377756.87,362185.46,363353.92,361265.51,335524.45,320467.06,337917.68,350100.78,345459.77,354737.46,379047.08,391830.72,397296.97,396476.93,390319.61,386505.93,392027.21,392528.42
2024-04-28,GECC,GECC,386252.45,390058.52,389786.05,391775.38,388205.78,385122.36,378424.53,359505.9,336179.39,317107.79,315269.41,324014.65,345502.12,347006.3,350165.1,376600.95,395457.49,345539.67,317115.82,295799.21,283418.55,342249.35,367429.44,382379.02
2024-04-29,GECC,GECC,389906.19,397831.24,410401.11,401003.87,405482.47,419029.58,418958.65,402234.34,384994.72,372729.17,382212.79,379641.77,372620.81,376667.09,369674.55,363262.51,371703.33,395728.41,411991.73,394393.38,391759.48,403622.88,403818.75,398577.54
2024-04-30,GECC,GECC,399260.03,400620.71,397886.19,400132.17,399436.1,398155.15,392720.72,371078.76,348802.57,337637.81,328115.7,325160.05,325688.72,323559.97,315022.09,344506.04,379827.76,397356.43,403664.4,401477.32,407027.21,409064.39,411026.41,402957.27
2024-04-27,GECG,GECG,7158.25,7070.88,6776.66,6238.64,6242.76,6317.56,6578.5,7756.59,7900.68,8011.35,8102.76,8446.64,8528.83,8406.49,8299.35,8308.34,6361.92,6450.15,6141,6131.72,6318.52,6395.77,6333.13,6393.89
2024-04-28,GECG,GECG,5868.59,5822.04,5794.85,5770.47,5805.01,5840.73,5677.75,5636.09,5757.48,5891.1,5400.1,5764.66,5836.28,5747.29,5735.02,5322.85,4959.08,5642.3,5384.13,5659.19,5790.37,5717.25,5775.68,5749.4
2024-04-29,GECG,GECG,5409.04,5351.38,5327.84,5366.55,5346.88,5459.18,5569.5,5379.63,4963.24,4788.32,4539.81,3384.42,2677.57,2597.78,2669.51,2320.05,2559.64,2542.48,2218.01,2075.46,1767.52,1768.93,1754.2,1741.92
2024-04-30,GECG,GECG,1719.73,1736.87,1715.37,1733.13,1724.14,1726.36,1698.14,1711.28,1710.45,1706.41,1700.44,1698.49,1762.92,1987.8,1732.5,1748.96,1704.73,1711.02,1724.77,1748.54,1713.25,1754.99,1729.15,1721.4
2024-04-27,CASC,CASC,54431.64,52542.87,51340.64,50019.07,49772.01,48524.33,46993.09,51255.63,57463.02,60724.92,63688.07,66442.78,66530.35,66624.13,67309.87,66876.93,65343.79,64110.95,71742.73,72123.83,68659.08,67448.87,64010.96,60546.84
2024-04-28,CASC,CASC,57614.86,55589.42,54015.8,52581.08,51717.16,49892.93,47671.25,50164.09,53378.06,55921.83,58664.2,61383.8,62119.41,62616.79,63844.76,64586.01,63019.02,63825.05,72988.45,73878.87,69476.05,64444.5,55911.95,50890.87
2024-04-29,CASC,CASC,47624.53,48476.14,47821.88,46320.54,45921.06,46092.06,44970.02,49668.24,55398.79,57232.11,58430.44,65137.7,63254.99,67474.75,72857.44,73750.38,71069.88,67174.06,72042.79,73620.91,72029.81,69103.6,64289.39,59786.93
2024-04-30,CASC,CASC,52467.89,51654.81,52394.12,51463.87,50965.71,49692.62,49198.02,55463.27,62805.61,68121.84,72131.21,74487.42,69197.29,73052.13,77857.18,76901.64,73081.74,69126.7,74142.23,74425.62,73489.52,69462.35,66364.9,61985.05
2024-04-27,HIMC,HIMC,1368.72,1323.8,1294.24,1268.41,1246.33,1241.09,1126.56,1187.94,1432.72,1486.24,1435.71,1486.24,1561.09,1510.19,1499.71,1504.2,1506.08,1438.33,1555.48,1632.95,1629.59,1573.07,1494.47,1388.93
2024-04-28,HIMC,HIMC,1325.68,1269.91,1252.69,1228.74,1168.11,1142.28,1055.83,1073.42,1164.74,1217.51,1284.51,1425.98,1500.84,1296.11,1420.74,1277.02,1315.57,1306.96,1445.07,1597.02,1653.54,1563.34,1450.68,1352.25
2024-04-29,HIMC,HIMC,1285.25,1248.95,1220.13,1207.78,1192.43,1189.07,1196.93,1210.4,1216.39,1193.56,1216.39,1455.92,1580.56,1500.84,1623.97,1661.03,1675.25,1604.14,1731.76,1866.13,1867.25,1775.93,1632.58,1507.95
2024-04-30,HIMC,HIMC,1389.68,1178.96,1164.36,1145.28,1120.95,1088.39,1062.19,1088.01,1100.36,1150.52,1197.3,1297.61,1350,1487.74,1610.5,1610.12,1619.86,1706.31,1851.9,1977.66,1956.7,1879.6,1742.99,1618.73
2024-04-27,HIMG,HIMG,76.83,76.45,76.69,76.23,76.27,74.13,70.46,67.1,67.1,65.77,64.7,64.26,65.64,67.08,68.18,70.21,70.11,69.38,69.84,69.77,70.9,74.49,68.31,70.39
2024-04-28,HIMG,HIMG,69.81,67.59,65.57,67.26,67.77,67.82,67.68,67.64,66.54,65.73,64.58,63.75,63.7,63.82,65.28,66.84,65.62,66.55,67.1,67.03,65.01,65.79,68.01,68.68
2024-04-29,HIMG,HIMG,68.9,67.36,67.44,68.02,67.63,65.91,65.44,64.05,62.32,60.42,60.14,57.63,58.23,58.59,59.04,59.75,59.13,60.56,59.72,59.54,60.81,61.34,63.14,68.08
2024-04-30,HIMG,HIMG,66.89,67.84,67.51,68.46,66.89,65.85,64.87,63.53,61.96,62.71,62.29,62.05,63.05,63.53,62.53,63.51,63.27,64.07,65.61,65.57,64.5,66.05,67.45,68.67
2024-04-27,ASCC,ASCC,2103.76,2018.05,1995.95,1942.15,1943.05,2071.21,2040.26,2410.05,2697.82,2988.2,3236.99,3353.21,3229.86,3048.67,2994.16,2861.46,2785.61,2781.4,3044.81,2929.85,2723.69,2492.02,2292.81,2182.44
2024-04-28,ASCC,ASCC,2035.18,1972.53,1928.42,1919,1905.19,1988.79,1904.54,2041.95,2079.9,2087.76,2299.14,2467.03,2391.14,2582.99,2551.75,2456.12,2443.17,2499.63,2716.52,2599.82,2468.15,2350.45,2167.45,2036.14
2024-04-29,ASCC,ASCC,1946.28,1896.81,1864.39,1877.69,1913.02,2081.48,2280,2924.61,3355.22,3540.78,3640.52,3834.54,3341.54,3134.19,3570.79,3781.8,3581.59,3520.24,3505.07,3270.51,2891.53,2567.85,2298.77,2096.25
2024-04-30,ASCC,ASCC,1989.89,1938.51,1902.35,1879.68,1912.95,2077.87,2175.35,2874.38,3372.35,3732.76,3870.75,3887.58,3489.11,3338.84,3604.68,3730.17,3692.93,3603.37,3585.4,3287.66,2898.6,2613.6,2368.23,2191.27
2024-04-27,EGVC,EGVC,8384.05,8044.81,7818.65,7657.11,7592.49,7447.11,7657.11,8561.75,9611.77,10290.25,10952.58,11372.59,11582.59,11647.21,11485.67,11017.19,10774.88,10694.11,11614.9,11582.59,11194.89,10548.72,10015.63,9417.92
2024-04-28,EGVC,EGVC,8752.57,8381.02,8138.71,7993.32,7864.09,7589.46,7508.69,8187.17,8817.19,9237.2,9495.67,10044.91,10497.23,10335.69,10351.84,9818.75,9607.74,9704.66,10221.6,10253.9,10011.59,9575.43,8929.26,8347.7
2024-04-29,EGVC,EGVC,8080.15,7805.53,7611.68,7498.6,7466.29,7757.06,8128.61,8855.55,9776.35,10164.05,10567.9,11100.99,11181.76,11731.01,12506.41,12764.88,12685.12,12297.42,12814.35,12636.66,12119.72,11392.78,10375.06,9308.88
2024-04-30,EGVC,EGVC,8771.75,8416.36,8174.05,8028.66,7980.2,8125.58,8351.74,9321,10581.03,11356.43,11905.68,12471.07,12454.92,12745.7,13294.94,13198.02,11695.67,11453.36,11776.44,11679.52,11146.43,10467.95,9514.85,8836.37
2024-04-27,EDPC,EDPC,27746.12,26551.97,25679.77,25301.63,19402.23,26001.08,25778.83,27829.5,30872.06,32318.65,33321.12,35065.02,35380.39,34371.23,33659.05,32206.24,31517.29,31471.72,33943.81,33432.78,32835.4,31119.09,28606.53,26038.12
2024-04-28,EDPC,EDPC,24467.46,22908.07,22469.85,21685.17,21748.38,21675.63,22205.27,24177.68,26885.66,28029.75,28676.51,29711.89,30495.68,29879.9,28216.35,27546.97,27267.24,27580.96,30071.97,31833.2,31371.88,29730.19,27550,25238.9
2024-04-29,EDPC,EDPC,23984.01,23098.39,22299.6,22218.71,22206.77,23476.03,24748.58,26746.4,29662.09,31827.47,27769.93,34829.42,34959.05,35358.11,34628.58,35230.33,35581.78,34264.34,35022.3,34796.17,36167.03,34729.07,31271.78,28074.48
2024-04-30,EDPC,EDPC,26187.79,25023.61,24228.05,23784.74,23838.34,25136.36,26100.33,27931.03,30070.64,31733.26,32998.84,34761.92,34740.2,35165.81,36248.86,33124.98,35954.3,35044.18,35723.06,37088.04,37039.85,34932.02,31547.64,28995.9
2024-04-27,EMIC,EMIC,292168.15,279810.21,271270.93,264829.71,263511.34,266982.76,266069.04,293375.14,330260.75,359270.85,380294.11,399660.3,402271.35,390209.12,382639.41,380687.71,357364.65,353451.22,385147.12,389522.31,377157.47,357515.72,335029.57,315058.59
2024-04-28,EMIC,EMIC,290573.76,275171.57,264133.07,256686.87,255498.93,254765.78,241937.26,257481.77,277850.17,296995.06,313648.05,330517.82,344968.08,346344.71,330895.89,328981.48,326988.42,329535.83,364516.57,373249.86,369387.79,352674.02,326508.34,298567.31
2024-04-29,EMIC,EMIC,277712.87,264131.1,257889.71,255190.67,262411.38,283923.85,292498.14,325808.55,367198.38,387532.27,416565.78,435191.27,437440.87,437886.89,448764.6,451615.19,444922.87,418611.07,430728.92,434054.62,424519.81,395570.22,361204.77,327273.47
2024-04-30,EMIC,EMIC,302432.6,286549.97,277518.95,274363.04,277089.27,298820.5,304639.65,342736.6,386248.73,417510,445559.98,468717.23,467871.18,461498.94,462302.22,450816.13,434464.04,405253.49,415940.63,415780.92,406762.79,384407.79,350544.12,323574.93
2024-04-27,RTQC,RTQC,21310.65,20970.63,20247.17,19868.5,20057.02,20785.98,22880.98,25596.79,27750.6,29117.69,30196.51,29843.81,29359.56,28122.01,27761.72,27824.99,28394.94,28355.75,28762.71,26988.03,25287.79,23179.53,22215.38,21089.49
2024-04-28,RTQC,RTQC,20409.64,19879.48,18983.78,18188.47,17967.26,17918.22,18086.97,19226.88,20072.69,21008.25,21789.23,22698.63,21843.62,21835.63,21461.84,21601.04,22079.19,22479.34,22996.14,22086.71,21008.01,19936.98,19055.97,18188.07
2024-04-29,RTQC,RTQC,17563.14,17237.45,17074.74,16850.62,17089.11,18089.41,21959.63,26162.14,29264.8,29964.67,30525.11,31647.38,31506.83,31641.84,33380.97,34486.65,34534.91,32542.34,30572.3,28176.36,26774.29,24862.05,23403.7,22174.37
2024-04-30,RTQC,RTQC,21375.94,21026.56,21022.65,20327.19,20653.96,22025.87,25662.4,29794.16,32132.09,31689.96,34050.31,34538.37,33380.88,33977.32,36053.99,35771.52,35081.27,32361.53,31070.76,28519.85,26313.05,23987.96,22426.17,21498.03
2024-04-27,EBPC,EBPC,8333.18,7840.6,7455.81,7255.33,7250.86,7436.13,7792.49,8877.75,10352.35,11128.26,11801.65,12471.94,12468.76,12413.51,12649.89,12790.09,12733.24,12431.25,13714.67,13889.78,13009.28,11976.29,10779.94,9673.44
2024-04-28,EBPC,EBPC,8750.84,8092.34,7681.31,7385.03,7194.82,7223.03,7351.4,8042.73,8985.39,9420.28,9816.99,10550.4,11187.73,11259.79,11360.4,11463.99,11388.57,11366.47,12801.27,13245.16,12555.53,11407.42,10089.56,8951.31
2024-04-29,EBPC,EBPC,8018.54,7596.85,7326.75,7133.49,7193.05,7695.77,8169.45,8959.53,10338.34,11266.8,12076.23,12544.73,12451.31,12437.62,13187.05,13443.57,13265,12990.6,14075.8,14362.01,13644.04,12516.38,10807.27,9187.94
2024-04-30,EBPC,EBPC,8183.88,7697.69,7339.22,7139.23,7163.57,7552.46,8150.66,8851.46,9706.76,10294.85,10675.52,11064.58,10931.71,11563.47,12668.19,12794.41,12626.21,12524.28,13772.43,13996.47,13215.3,12251.46,10532.83,9203.46
2024-04-27,EMEG,EMEG,6.44,8.8,8.06,6.83,9.03,9.76,13.39,10.89,4.98,6.22,9,6.5,10.16,7.6,5.54,2.6,1.34,3.47,3.21,4.16,1.93,2.19,3.81,8.89
2024-04-28,EMEG,EMEG,14.84,5.43,6.68,4.78,5.32,9.97,6.95,3.33,10.68,12.37,5.54,9.11,5.8,14.56,10.96,2.49,,,,,0.4,1.76,4.57,8.11
2024-04-29,EMEG,EMEG,0.7,,,,,,,,,,,,,,,,,,,,,,,
2024-04-30,EMEG,EMEG,,,,,0.69,1.08,1.35,1.85,1.14,2.9,2.83,3.92,2.93,5.8,4.16,3.66,1.65,3.31,3,1.14,2.22,2.89,2.81,0.98
2024-04-27,EMEC,EMEC,1765.13,2037.3,1850.01,1730.64,1855.11,1851.05,2040.82,2156.32,2523.98,2636.95,2817.57,3078.25,3028.21,3193.74,2893.59,2413.79,2744.47,3372.21,3391.17,2023.45,2960.5,2943.4,2315.48,1666.6
2024-04-28,EMEC,EMEC,1487.96,2098.61,1944.89,1698.44,2005.78,1785.26,1736.05,1428.55,2518.45,2061.13,2111.34,2007.81,2257.95,1697.5,1639.23,1902.85,1615.28,4077.53,1850.27,1844.95,1982.88,2237.46,1951.24,1242.11
2024-04-29,EMEC,EMEC,2641.79,1831.66,1761.37,1697.2,1746.99,1950.04,2157.5,2600.08,2801.94,3133.49,2838.29,3726.15,3464.86,3520.25,4390.21,3885.93,2626.98,2670.77,3338.96,3679.38,2255.66,4543.41,2653.36,1870.93
2024-04-30,EMEC,EMEC,2848.1,2507.74,2439.14,2305.92,2410.36,2443.96,2561.99,3065.22,3355.64,3829.7,3601.95,3567.64,4171.7,2804.95,4273.67,3164.27,3577.24,3376.52,3301.59,3672.29,3294.96,2814.18,2804.84,2110.59
2024-04-27,TRPC,TRPC,659.61,541.07,635.75,591.27,618.25,677.77,633.94,607.63,679.08,564.57,641.49,693.51,683.71,673.42,668.11,652.14,543.03,577.53,,11.94,494.47,678.26,382.95,210.12
2024-04-28,TRPC,TRPC,658.97,723.55,561.51,667.63,650.46,605.82,484.83,762.47,543.85,579.98,667.47,753.65,447.37,690.36,707.53,713.08,745.14,605.16,628.39,393.75,37.61,38.76,37.78,129.34
2024-04-29,TRPC,TRPC,766.23,662.08,776.37,638.53,656.02,290.57,486.79,490.05,645.73,710.63,692.98,670.57,196.83,501.28,521.66,37.28,,,45.3,57.07,85.85,126.56,45.79,27.97
2024-04-30,TRPC,TRPC,67.86,76.85,49.87,23.88,615.96,659.95,482.21,355.81,273.46,592.9,618.95,137.59,0.32,3.42,,,,,,25.99,29.1,20.44,,
2024-04-27,TRPG,TRPG,,,,,,,,,,1.71,3.83,5.11,6.07,5.91,4.86,2.71,,,,,,,,
2024-04-28,TRPG,TRPG,,,,,,,,,,,,11.29,35.15,34.47,,,,,,,,,,
2024-04-29,TRPG,TRPG,,,,,,,,,,,,,0.29,1.82,1.08,,,,,,,,,
2024-04-30,TRPG,TRPG,,,,,,,,,1.68,5.03,4.62,4.98,6.73,2.63,,,,,,,,,,
2024-04-27,DLRC,DLRC,622.58,556.79,564.26,529.5,503.97,462.56,393.56,465.5,567.46,585.85,601.01,577.4,504.82,574.79,670.21,658.76,691.77,701.36,805.57,838.23,771.88,695.53,657.71,636.65
2024-04-28,DLRC,DLRC,587.12,521.45,512.8,505.61,503.43,484.91,420.54,412.73,370.86,359.8,384.78,369.5,389.52,420.58,440.97,445.44,480.21,505.05,506.78,504.38,495.94,499.2,485.1,474.54
2024-04-29,DLRC,DLRC,470.37,462.77,449.55,463.55,493.41,500.53,565.91,738.99,844.42,856.83,913.72,851.14,828.22,810.92,918.43,1029.34,999.82,1021.6,995.3,918.89,841.14,720.16,637.89,572.16
2024-04-30,DLRC,DLRC,509.82,487.79,484.55,474.58,490.1,553.57,683.68,895.37,1008.33,1038.95,1022.1,1018.01,885.33,809.48,972.79,1018.41,981.79,917.98,895.33,898.23,808,730.65,623.42,578.17
2024-04-28,PECG,PECG,,,,,,,,,,,,,,,,,1355.28,,,,,,,
2024-04-29,PECG,PECG,,,,,,,,,,,18.54,18.54,18.54,18.54,18.54,18.54,18.54,18.54,18.54,18.54,18.54,18.54,18.54,18.54
2024-04-30,PECG,PECG,0.54,37.07,18.54,0.54,18.54,37.07,18.54,18.54,0.54,18.54,18.54,18.54,18.54,18.54,18.54,18.54,18.54,18.54,18.54,18.54,18.54,18.54,18.54,18.54
2024-04-27,EVSC,EVSC,1063.4,988.73,945.75,933.42,977.24,1105.73,1223.85,1555.8,1639.25,1708.29,1776.82,1869.82,1817.46,1756.98,1759.13,1743.8,1703.53,1888.19,2333.72,2341.53,2156.76,1837.25,1534.26,1281.34
2024-04-28,EVSC,EVSC,1121.89,1047.13,999.92,962.26,985.82,1084.05,1127.61,1376.75,1614.93,1829.24,1842.35,1903.36,1844.6,1689.39,1625.54,1556.32,1546.97,1606.03,2052.26,2205.22,2032.77,1778.89,1466.92,1209.95
2024-04-29,EVSC,EVSC,1071.72,1013.72,974.35,965.42,1013.84,1255.07,1738.63,1389.3,1473.64,1536.85,1542.03,1626.64,1543.85,1538.55,1603.03,1583.51,1670.21,1823.13,2287.99,2424.09,2215.36,1962.55,1526.45,1213.17
2024-04-30,EVSC,EVSC,1063.96,997.52,969.35,965.6,1024.81,1358.51,2220.45,1716.43,1571.41,1536.69,1529.19,1613.57,1522.94,1500.3,1557.47,1566.02,1637.58,1739.37,2249.03,2369.39,2175.44,1906.85,1541.24,1236.18
2024-04-27,EEPC,EEPC,77248.21,72545.41,70205.41,69204.32,69975.66,73134.44,76497.98,85824.09,93579.67,102656.1,107574.54,115453.3,111468.08,107377.66,107217.75,107887.74,103585.49,100655.41,110796.1,111194.76,105523.19,98880.47,89793.19,81933.56
2024-04-28,EEPC,EEPC,75491.56,70827.04,68297.09,66818.9,66515.54,65932.34,62585.99,67619.44,73001.66,77966.2,80555.58,83225.62,86427.86,87251.91,85123.25,83710.75,84293.59,86740.02,99234.75,101853.76,100014.29,93621.24,85345,77042.11
2024-04-29,EEPC,EEPC,71414.65,68024.57,66110.38,66066.75,68556.45,76241.23,80568.16,90116.66,98793.83,105001.99,110407,115302.56,113296.24,113261.03,115960.49,117951.85,117805.65,113000.5,119081.62,120417.65,115439.62,107235.22,94539.33,82987.33
2024-04-30,EEPC,EEPC,75920.73,72110.32,70382.1,69791.31,72541.07,79407.19,84126.8,94180.17,102448.25,108414.48,113943.34,120383.33,118128.77,117790.08,119976.48,120157.95,117391.58,114012.97,119841.4,118294.89,113080.76,105047.96,93999.9,83945.52
2024-04-27,EPTC,EPTC,7439.16,6953.92,6673.64,6423.5,6214.55,5969.5,6702.82,7623.11,8790.06,9728.95,10498.01,11041.95,10987.22,10707.4,10860.44,10809.94,10666.02,10653.61,12399.58,12975.91,12224.68,11247.61,9948.04,8716.91
2024-04-28,EPTC,EPTC,7881.56,7408.24,7106.38,6765.55,6632.35,6694.42,6516.42,7121.98,7823.66,8495.81,9081.05,9635.68,9853.73,9762.73,9738.72,9747.83,9627.39,9732.39,11087.81,11908.63,11417.4,10100.34,8684.48,7631.73
2024-04-29,EPTC,EPTC,7170.98,6699.85,6506.46,6416.73,6510.61,7265.84,7430.96,8055.6,9018.05,9989.28,11237.37,11947.91,11253.17,11319.69,11890.44,11988.13,11935.27,11696.38,13046.53,13658.97,13008.94,11765.09,9919.37,8338.6
2024-04-30,EPTC,EPTC,7448.41,7003.02,6762.97,6643.45,6752.56,7430.64,7758.55,8303.56,8878.89,9279.8,9692.9,10327.98,10076.5,10476.38,11531.12,11934.09,11683.96,11386.52,12606.91,13130.53,12543.84,11494.18,9776.22,8294.07
2024-04-27,EMUG,EMUG,927.57,907.14,889.87,887.5,884.37,913.89,900.84,822.82,599.2,325.18,142.31,276.97,542.08,454.22,421.64,721.59,918.24,947.51,1090.54,1119.88,1100.23,1080.32,1035.1,982.42
2024-04-28,EMUG,EMUG,941.77,925.21,910.59,890.55,878.16,877.19,884.9,944.6,860.7,665.63,451.93,365.59,309.72,422.53,398.8,691.67,859.77,930.94,1112.49,1128.27,1097.06,1045.96,991.93,971.12
2024-04-29,EMUG,EMUG,936.47,906.5,891.78,887.14,921.88,938.02,838.36,623.8,464.05,717.28,543.52,299.47,437.31,264.85,615.49,652.77,803.19,1003.22,1239,1267.56,1226.62,1173.95,1112.03,1046.04
2024-04-30,EMUG,EMUG,998.99,990.02,943.55,931.84,954.29,1013.16,899.68,840.12,690.6,628.95,626.52,635.99,502,382.04,490.7,694.01,936.01,1002.77,1225.14,1252.16,1221.38,1183.55,1134.91,1076.75
2024-04-27,CDNC,CDNC,66113.83,61815.39,59734.3,59043.54,60785.65,68003.38,77879.63,91208.29,97303.78,101269.8,103778.13,107241.51,106939.18,103533.13,102640.75,102620.37,102269.05,105002.18,119881.96,121375.13,111816.29,99875.99,86994.92,69805.18
2024-04-28,CDNC,CDNC,66265.95,61479.89,59036.03,58121.11,58405.85,62406.97,67229.5,79255.75,90481.9,96945.71,99894.97,102906.04,102973.63,97689.18,92383.18,92499.58,92383.44,94547.97,110129.01,115744.44,107987.25,94748.1,81011.35,68891.77
2024-04-29,CDNC,CDNC,61150.85,58425.81,56864.9,56358.44,60445.63,80975.61,94906.8,91715.44,93785.77,95856.52,99256.91,104392.13,100345.35,97458.67,99741.12,100629.44,103020.62,105435.03,118938.7,123593.69,115102.43,102652.54,85621.62,71491.4
2024-04-30,CDNC,CDNC,63178.1,59799.93,58435.27,58350.92,63137.91,84288.93,99706.83,95963.74,98039.98,100685,103700.24,108447.83,103449.52,98808.87,103127.34,105850.61,108087.93,109580.15,122697.45,127357.67,118232.1,105538.9,87938.58,70401.51
2024-04-27,CNSC,CNSC,187603.79,179974.14,173868.6,169250.25,166147.1,161801.32,167449.55,182929.45,202078.28,212711.92,220494.1,224380.01,218616.18,219851.22,223337.57,219018.85,213018.56,208818.41,213868.42,208987.35,206200.49,201388.41,195408.32,187502.92
2024-04-28,CNSC,CNSC,178554.71,171129.07,165891.63,161860,159399.21,155864.34,154383.26,157682.65,165224.47,172627.41,177945.65,183518.77,184678.2,184502.19,185188.81,182243.78,179495.27,182866.27,197442.83,202527.99,202889.88,200399.89,191059.17,177539.85
2024-04-29,CNSC,CNSC,167504.14,160379.22,155398.57,152358.78,152966.65,155259.34,160325.06,174387.83,190913.43,201805.9,210240.06,213708.33,199239.06,206709.74,219471.79,220319.46,215661.37,206203.81,210300.97,211779.56,211429.99,205416.67,193529.84,180490.19
2024-04-30,CNSC,CNSC,170208.23,163574.62,159390.8,155852.34,155464.73,158261.64,166539.79,183146.1,201757.47,212824.7,221766.69,223456.99,210946.2,227787.52,243613.68,243145.22,233167.24,223558.53,226095.38,222345.14,218659.27,213390.52,205816.72,194244.72
2024-04-27,CETC,CETC,20780.64,19878.08,19382.22,19027.67,19247.05,19738.08,18838.13,20231.96,21472.52,21135.29,22725.6,23472.61,22971.57,22940.64,24246.11,25196.24,23690.1,23095.26,27651.5,28132.17,26586.8,25197.94,23077.66,21104.6
2024-04-28,CETC,CETC,19472.66,18200.53,17339.37,17096.92,17263.26,16966.84,14629.79,14795.82,15847.74,17446.22,18356.95,19359.21,20135.68,19738.33,19757.84,20375.86,20485.47,21257.1,25311.53,26209.42,25617.24,24235.82,21950.07,19713.86
2024-04-29,CETC,CETC,18680.49,18071.68,17933.41,18291.69,18718.45,20287.15,18943.31,20680.86,22072.93,21834.26,23242.65,25010.11,23629.38,23913.66,26038.35,27526.7,28382.75,28950.38,31388.33,31250.66,30512.37,28783.04,25461.84,22300.24
2024-04-30,CETC,CETC,20695.1,19307.3,18940,18771,19213.79,20696.65,19333.99,19843.81,21305.3,23803.12,25508.21,26873.7,26366.21,28348.91,28980.86,28464.68,27658.11,28047.9,30849.87,31246.25,29766.28,28307.26,24847.09,22586.37
2024-04-28,CETG,CETG,,,,,,,,,,,,,,,,,,,2.56,2.26,2.22,2.37,2.28,5.6
2024-04-29,CETG,CETG,5.64,5.83,5.74,5.68,5.32,5.46,5.3,5,4.41,4.15,4.05,3.91,4.1,3.11,2.96,2.84,2.61,2.85,3.69,3.05,2.86,2.26,2.35,2.19
2024-04-30,CETG,CETG,2.28,2.47,2.13,2.28,2.19,1.99,2.71,2.01,1.9,2.26,,,,,,,,3.04,1.61,2.89,2.71,3.15,2.47,2.42
2024-04-27,CQTC,CQTC,28240.66,26925.16,26062.85,25191.13,25237.9,26017.02,26671.64,30187.76,34556.38,37309.2,40252.04,43248.09,43172.19,41565.45,38471.12,37689.48,37544.84,37705.64,41848.18,42906.24,40633.87,38037.36,34605.91,31092.04
2024-04-28,CQTC,CQTC,29043.53,26196.6,23591.61,25313.11,25053.82,25548.38,25648.56,27954.88,29766.57,31680.71,34017.2,36133,37051.02,35646.76,33768.74,32807.88,32563.83,33110.69,37641.92,38791.53,37116.23,34424.98,30573.04,27751.28
2024-04-29,CQTC,CQTC,26104.54,24994.38,24387.05,24133.29,24522.94,26854.01,27985.33,31200.37,35216.42,38135.54,41439,44699.66,42611.61,42444.12,45270.07,45820.87,46131.2,43986.16,45081.04,45265.87,43162.07,39918.52,35411.01,31469.3
2024-04-30,CQTC,CQTC,28234.64,26713.87,25876.39,25460.96,25664.87,27036.8,28075.89,31963.7,36848.16,40053.9,43277.01,46178.48,44576.91,44891.28,47763.26,48366.27,47023.2,45183.04,47023.75,46856.7,44207.6,40395.81,36168.75,31554.77
2024-04-27,HLAC,HLAC,107136.78,101444.48,97032.15,94662.95,93859.96,94320.17,96906.74,107778.42,115950.47,122341.43,131734.52,136728.26,133403.33,130074.24,133075.41,134741.57,135669.62,137860.14,151736.3,154496.3,147778.68,139355.67,126127.59,118967.83
2024-04-28,HLAC,HLAC,113652.9,107902,100287.28,94708.94,93610.48,92086.61,90261.42,96489.53,103265.56,106707.57,111499.41,118121.17,119565.04,119905.63,120587.07,121737.11,122565.73,128755.64,141666.58,143389.81,137986.57,129624.8,118144.23,108396.41
2024-04-29,HLAC,HLAC,104140.81,98622.09,92116.28,89008.93,88759.69,94885.82,99560.24,110375.86,119169.47,124797.13,133342.11,142115.86,136084.58,138848.69,146541.1,146488.35,145006.68,142052.5,152637.84,154779.86,148316.65,137697.25,123229.48,112564.97
2024-04-30,HLAC,HLAC,106913.45,102242.96,98373.57,95450.6,96877.42,104161.6,109932.35,120022.11,127095.46,132876.82,144432.22,151165.74,143815.55,148807.31,158180.12,158148.15,155992.21,151540.79,160690.56,160684.01,153858.04,143273.65,129779.65,117700.73
2024-04-27,EMSC,EMSC,127177.5,122029.44,118588.89,116046.95,115666.01,113817.2,113188.24,126219.41,143609.67,153733.7,161056.42,166356.12,167915.33,167920,166374.21,162096.92,158153.13,156357.46,172902.58,174168.87,170048.37,161654.77,151068.85,142386.1
2024-04-28,EMSC,EMSC,135820.05,128035.65,124203.34,121030.37,119294.37,115385.14,110260.27,118620.23,129561.77,142142.79,151638.93,156171.61,157603.48,152294.55,149795.79,146400.87,145203.65,141163.88,149470.98,141617.65,136673.7,132599.54,127293.45,111351.42
2024-04-29,EMSC,EMSC,102908.88,102926.21,102324.45,99067.35,100072.07,104872.25,103329.97,113094.99,128036.88,140970.64,150009.89,151755.5,161471,166775.79,171759.73,171127.33,170214.29,164337.68,176118.74,174904.29,173023.13,163841.85,150524.78,137699.07
2024-04-30,EMSC,EMSC,128799.26,122831.47,120261.67,117742.6,117371.85,117814.38,118228.57,132238.73,151527.87,165171.48,175016.86,181630.58,176577.88,183032.46,190160.87,184803.88,182040.51,174872.35,185510.8,186034.52,176530.64,160419.92,151100.41,140300.07
2024-04-27,EDQC,EDQC,39207.79,36212.62,34787.43,34037.51,34546.81,37009.58,39072.69,45639.54,51366.54,55942.14,58636.29,61842.83,61676.4,59418.44,57964.25,57946.52,57976.98,58825.68,65588.45,66695.64,63436.03,58394.8,51326.3,44655.8
2024-04-28,EDQC,EDQC,39996.66,36665.23,34742.77,33859.34,34023.55,34443.55,34156.81,38360.37,43945.96,48459.01,50729.96,53846.14,56066.44,55589.3,53698.97,52541.97,52353.86,54163.56,62060.58,64057.86,61547.31,55979.89,48022.59,40821.35
2024-04-29,EDQC,EDQC,36439.22,34071.91,33033.67,32810.81,34627.74,40770.01,43334.29,47705.23,52125.13,55382.86,58684.47,61791.79,61124.3,60341.75,60613.21,60130.32,60804.88,60965.71,66856.72,69645.14,66158.35,60344.22,51236.77,43029.07
2024-04-30,EDQC,EDQC,37687.71,35025.44,33877.47,33658.77,35508.49,41177.37,44624.35,49699.47,53513.28,58167.48,62134.8,65731.95,63898.71,63463.76,63795.04,63811.94,62744.73,62438.51,66876.44,67600.74,64149.06,58389.32,50196.82,43218.94
2024-04-27,EBSC,EBSC,87911.18,83023.03,79592.94,80975.73,85365.14,90501.06,103372.52,114060.33,121442.93,122255.53,121674.46,124535.37,120661.16,114043.77,110026.82,112355.67,112510.76,111199.27,131224.69,133835.99,125795.14,116051.07,100068.82,91971.03
2024-04-28,EBSC,EBSC,84227.78,82429.52,78806.69,76012.94,78290.48,80051.92,84626.03,91950.74,103567.67,109619.11,110854.05,110620.28,110580.76,105061.83,103343.7,101036.29,100325.08,106200.27,123184.86,126191.27,121683.02,108264.69,96800.56,85092.94
2024-04-29,EBSC,EBSC,79200.62,76592.81,75735.83,75365.77,80619.99,100678.34,113456.28,112175.49,118416.89,121499.57,124704.67,126437.48,119796.77,117753.47,121618.67,119457.06,117930.01,118338.53,138496.08,140331.27,133108.68,118820.52,102914.16,91869.45
2024-04-30,EBSC,EBSC,83691.88,80747.16,78524.37,79490.2,85404.41,104742.07,117123.74,118921.68,123551.99,125029.97,128382.2,129422.27,125663.42,122354.7,124062.03,124057.58,122729.19,120730.38,140202.62,138372.98,127791,118861.52,103636.79,92356.15
2024-04-27,EBSG,EBSG,9.8,9.67,9.55,9.78,9.79,5.4,,,,,,,,,,,,,7.69,10.28,10.55,10.39,9.68,9.54
2024-04-28,EBSG,EBSG,9.6,9.7,9.95,9.95,9.99,9.61,,,,,,,,,,,,,8.2,9.98,9.85,9.75,9.77,9.89
2024-04-29,EBSG,EBSG,9.83,9.78,9.79,9.79,9.83,4.45,,,,,,,,,,,,,5.15,9.4,9.36,9.48,9.43,9.41
2024-04-30,EBSG,EBSG,9.47,9.35,9.46,9.27,9.5,,,,,,,,,,,,,,7.49,9.77,9.64,9.74,9.84,9.97
2024-04-27,EEPG,EEPG,,,,,,,,3.38,16.35,51.23,17.49,,,,,,,,,,,,,
2024-04-28,EEPG,EEPG,,,,,,,,51.6,19.11,10.7,4.78,,,,,,,,,,,,,
2024-04-29,EEPG,EEPG,,,,,,,,23.57,,9.13,11.73,,,,,,,,,,,,,
2024-04-30,EEPG,EEPG,,,,,,,,33.55,52.47,48.94,41.47,,,,,,,,,,,,,
2024-04-27,TBSG,TBSG,335.01,334.23,335.48,335.36,334.66,330.94,650.86,397.75,322.25,322.19,322.31,841.38,2411.4,2615.68,2649.34,2651.89,,,,,,,,
2024-04-29,TBSG,TBSG,2109.26,797.07,767.87,767.72,765.75,506.36,285.08,286.67,290.3,1093.3,1520.03,1512.15,1514.72,1510.24,1521.32,1509.27,272.28,265.89,266.61,265.37,262.85,2144.57,1316.39,1077.25
2024-04-30,TBSG,TBSG,1075.38,1068.6,1045.31,7572.35,6532.93,5419.11,5404.64,5476.95,6043.97,5593.62,7567.92,1032.59,1032.84,1033.25,1034.28,817.12,525.63,523.31,528.33,531.3,530.19,530.22,530.48,529.89
2024-04-27,EPMG,EPMG,3910.61,3730.14,3733.58,3737.71,3743.01,3767.56,3563.6,3608.76,3680.47,3887.85,3810.09,3511.13,3584.01,3545.2,3567.74,3615.57,3826.45,2773.08,2993.5,3094.14,4266.97,3882.05,3882.49,3914.18
2024-04-28,EPMG,EPMG,3946.15,3828.9,3899.81,3965.28,3770.69,3867.5,3687.14,3811.73,3821.67,3700.55,3732.1,3684.79,3697.2,3688.1,3781.52,3927.27,4372.55,2711.67,2881.09,2505.91,2542.6,3033.34,4038.4,2706.2
2024-04-29,EPMG,EPMG,5502.05,5555.89,4575.48,4544.19,4846.07,4226.56,3867.15,3982.01,4030.75,4019.71,4008.05,3874.59,3699.49,3744.54,3746.45,3675.95,3768.39,3716.69,3984.75,3925.92,3848.03,3885.93,3900.2,4071.11
2024-04-30,EPMG,EPMG,4307.42,5498.36,5711.13,8188.51,3037.1,3005.04,5601.31,7743.8,3368.49,3345.48,3225.27,2430.65,2450.63,2574.09,2649.87,2684.62,2603.75,2567.82,2806.31,2825.07,3042.84,3111.41,3571.41,2237.5
2024-04-27,EPMC,EPMC,1177286.49,1143025.47,1120074.91,1108047.2,1139818.83,1182923.64,1241174.61,1338541.56,1422241.28,1459481.32,1516401.3,1554267.7,1544927.28,1520295.21,1517139.81,1485565.28,1464631.22,1454688.37,1528142.43,1492768.9,1409243.48,1307095.6,1213021.36,1118865.08
2024-04-28,EPMC,EPMC,1059745.32,1015792.41,980546.6,970747.26,960556.99,970010.33,960491.78,1006194.86,1074061.32,1133368.16,1199000.83,1246551.18,1269576.82,1246316.15,1204829.04,1198491.09,1188684.76,1185484.13,1278847.41,1308257.18,1269945.72,1211866,1147348.8,1085168.13
2024-04-29,EPMC,EPMC,1044040.62,1025195.65,1014014.99,1018820.36,1088739.55,1215548.45,1297473.27,1394728.46,1458999.32,1508555.76,1550255.81,1616729.73,1629780.14,1624229.9,1637196.96,1645301.91,1607470.05,1561905.34,1636995.33,1659205.09,1581395.52,1475157.58,1353115.12,1239216.15
2024-04-30,EPMC,EPMC,1156012.72,1110085.82,1105514.24,1100169.37,1164495.8,1277091.97,1356928.63,1442479.89,1492117.99,1533910.62,1602912.41,1653255.12,1659627.63,1636445.84,1650497.69,1646454.06,1610311.42,1558429.07,1603615.4,1606155.59,1537975.72,1418149.29,1285793.95,1194397.96
2024-04-27,ISGC,ISGC,448395.95,441160.81,437963.88,454416.26,442984.4,448066.19,452265.55,454063.44,458225.38,467426.71,470232.19,464679.21,445655.13,451718.75,443062.24,447506.62,442955.4,444310.7,442259.92,450621.52,459186.63,447067.82,444617.42,435725.64
2024-04-28,ISGC,ISGC,444654.63,436126.19,436268.68,424668.01,421419.12,401967.38,391282.34,398206.01,403261.77,404170.04,393995.84,397361.35,400306.59,398200.03,386671.71,378265.23,387771.23,380769.2,383527.57,380575.22,385924.11,380192.78,371623.97,371529.74
2024-04-29,ISGC,ISGC,390753.18,391629.87,394142.37,391360.21,391794.22,389357.99,393928.01,402493.72,412831.62,426128.75,425019.59,431510.59,431010.02,420083.53,416360.25,423202.43,435225.63,428883.4,425060.5,435350.46,436149.57,439736.61,436934.55,425942.94
2024-04-30,ISGC,ISGC,434196.16,427871.66,428464.23,422851.92,427754.91,417940.72,412323.64,409504.59,426148.49,425046.69,424607.49,414079.93,430375.59,429112.43,437266.46,434699.11,450050.81,437032.26,428810.66,429272.98,437747.18,424417.58,416791.89,400725.38
2024-04-27,ISGG,ISGG,762.38,758.33,753.49,763.13,795.43,604.78,565.06,568.55,581.07,618.68,665.45,679.52,699.98,698.21,679.89,636.07,574.59,578.57,833.56,797.82,773.94,768.82,771.16,747.3
2024-04-28,ISGG,ISGG,761.77,988.79,906.38,917.28,956.39,950.72,740.81,810.7,729.38,727.51,806.56,724.67,709.44,773.61,745.65,776.65,741.88,813.48,997.56,944,1023.42,907.53,906.64,984.14
2024-04-29,ISGG,ISGG,724.3,728.74,805.96,738.25,754.49,831.13,589.41,598.27,600.82,992.45,1122.31,1055.95,1054.05,1095.19,1091.72,1037.58,999.45,1113.83,1306.01,1212.53,1135.83,1180.85,1122.99,1127.26
2024-04-30,ISGG,ISGG,1094.05,1121.26,1066.47,1086.91,1221.07,965.06,948.11,1008.34,1113.18,1079.73,1080.48,1187.82,1132,1056.16,833.58,406.84,424.52,425.49,675.76,661.34,633.52,850.45,737.31,722.81
